a03eb775-7bc7-4bd5-8b20-7ed4b08ca8c7	_ArtX_REQUIREMENTIDDIGITS	1bc604f6_37b3_41d6_8e88_491eeb1341a6.BIN
a03eb775-7bc7-4bd5-8b20-7ed4b08ca8c7	_ArtX_REQUIREMENTIDPREFIX	8cd22949_4f02_47f2_8d0a_059925ea45f8.BIN
a03eb775-7bc7-4bd5-8b20-7ed4b08ca8c7	_Art1_Template	76f8735a_cd5c_471d_b05c_ad08550895c8.BIN
cfaf9064-584e-465b-980a-218fe86abfcd	_ArtX_PROFILEHELPERASSEMBLYFILE	9a8231d7_e65d_4233_9b12_e43eb7d8c6cc.BIN
cfaf9064-584e-465b-980a-218fe86abfcd	_ArtX_PROFILEHELPERHELPFILE	cc00fe09_c16c_4de2_9de0_fa27d9f57d70.BIN
cfaf9064-584e-465b-980a-218fe86abfcd	_ArtX_PROFILEHELPERHELPTOPICPREFIX	fd86b49f_2ecb_4909_9e31_aef50487c0ff.BIN
b06acdc3-3fcb-46fc-aafb-0b1bbda21f3b	_Art1_RTF	047e6f48_e86b_4bc3_abea_6a6620ebfa7e.BIN
7536b1ee-4cbd-4b97-b7ea-66499e5e78a2	_Art1_Icon	2ff1ce55_8143_47f7_98fb_adfe0399abbd.BIN
8e640194-7f75-4ce8-9ae8-4d3ed49193b9	_ArtX_ADDITIONALBROWSINGMODELITEMTYPES	6c31b35a_4147_4200_9e58_7e24760b620c.BIN
8e640194-7f75-4ce8-9ae8-4d3ed49193b9	_ArtX_PROFILEHELPERASSEMBLYFILE	44af629c_e464_467c_b83d_8463637c8c7d.BIN
8e640194-7f75-4ce8-9ae8-4d3ed49193b9	_ArtX_PROFILEHELPERHELPFILE	c20fe392_77ed_44bd_8a6d_07558bf1721e.BIN
8e640194-7f75-4ce8-9ae8-4d3ed49193b9	_ArtX_PROFILEHELPERHELPTOPICPREFIX	0241ca7e_8896_447f_a1e6_be2c8610feed.BIN
d779075a-cb88-40bc-afa5-7992c9e5c6cf	_Art1_RTF	f17d4c7c_e19b_4c5c_9ed1_cdbddb807e0f.BIN
8e7e6f4f-4fd9-4dc3-9b5c-f9383a6c106d	_Art1_Icon	448746c9_c407_42f7_a2e2_53e930051c8e.BIN
7a8191b4-1b16-4d4d-a4e6-6b0d101d3b0e	_Art1_ScriptText	316a0a80_a0e2_4840_a68f_b7d3aca90494.BIN
6fed52b5-64a1-4674-a1f6-04ab49531576	_Art1_ScriptText	01dea10c_6d5f_42e9_9399_e2c6202127c4.BIN
f80bc0e3-e8a3-4ec6-b0d8-f3ccd1ac6c64	_Art1_Icon	c843d8d8_642c_4dad_a8fd_26f5b784426e.BIN
ba09c4de-bce3-41b6-b542-bb982bde1bd0	_Art1_Icon	46a89638_1f2d_4aba_b380_37e17679d0b6.BIN
c9f07d92-fce9-4069-9cf2-fb4c10cc1c0b	_Art1_Icon	38840076_27bd_485d_8c7c_c58fea620aff.BIN
fb4a88a0-6975-4a56-8a19-7c9e631f7d51	_Art1_ScriptText	788e58db_e0ee_4c90_adfe_7fbc989b6843.BIN
26eb90a1-05d1-4662-85c0-fae75c452f5f	_Art1_Icon	89e1b04a_7601_4f13_a78a_f3a783fde0a4.BIN
514babcc-7955-45e1-96c6-36c1d54a1a92	_Art1_RTF	dfbfbe20_6182_4d22_82c3_6972e9a411f7.BIN
900030da-dc99-47c4-9e06-a4cfdfa25cf2	_Art1_RTF	1c3c5305_ec77_4eaf_b377_36f40f768e0a.BIN
08a37f85-afd1-4c81-b59e-22c9d75a49e7	_Art1_RTF	583234ae_02ad_48e4_a150_b22adb6b7495.BIN
f56a3ac7-100c-4e22-a33f-a7772df436f7	_Art1_RTF	743b76b5_cdb5_4a93_be6a_f3d291b30df9.BIN
62786b91-1b9f-41f8-acdc-5330b2c4e278	_Art1_RTF	0b085e94_7d3f_4d49_8087_5a1b7a08c5dc.BIN
dd7391d9-d1be-404b-9f68-6dadd1d9e965	_Art1_RTF	d7a9df43_e937_409e_9ae6_0abf4ee0efbb.BIN
00845735-94fc-4c48-9f3f-732469e2f673	_Art1_RTF	f8d358f1_851f_41a2_9725_eab234aa3746.BIN
83a948e7-1dfd-44b0-a59c-fe793e364d23	_Art1_Guard	ccfbd024_61fc_491e_be24_0f61f134bf7c.BIN
893a5d1d-fa40-4623-a919-b3c5cb976b29	_Art1_Guard	69b15261_c00e_4ea6_a668_56c155ab4204.BIN
5a1f4424-f418-4d59-9b4b-b1cee98d9c31	_ArtX_ISSTREAM	8cbf6872_0ea5_4967_ab51_e9cc7eefe227.BIN
04ca26e0-5041-499b-8081-56a114e1c8bf	_ArtX_ISSTREAM	5f0d030e_dbc8_43f3_a35f_81ca2f12ce32.BIN
e39abb76-8ea3-4546-a213-495abb0f1efc	_ArtX_ISSTREAM	13e6445e_1d23_40cb_8af0_313139817cfa.BIN
87d061e9-e0a6-4f9d-b5fc-0e6fa87ad603	_ArtX_ISCONTROL	b4eafd25_1c95_4659_921b_ea5adad1bc5e.BIN
5f76abc1-ffb9-4846-aa02-732ea500a15b	_ArtX_ISCONTROL	3f508046_0325_4598_b3e0_9c346dbbffbc.BIN
2e8757da-73e4-456a-8826-05e0487a9957	_ArtX_ISCONTROL	28e53db9_4176_4a16_a48a_b692d281d5b7.BIN
81884464-ee72-4e23-8c41-731dfd44bfdf	_Art1_Body	82766263_00a5_4121_9b91_d752b4557870.BIN
c2fc105e-f582-4b52-9430-18ff2a647ade	_Art1_RTF	1059693f_ff33_47f8_8d85_442467b09aaf.BIN
1586333d-77a8-4e32-9fbd-bda7399525e9	_Art1_Body	76b6c990_253f_4b3c_8800_f2317c797c6d.BIN
cd183764-1a13-425e-803c-8f338160e7b5	_Art1_Guard	c521ab5e_5625_40b8_add8_03ba0f1aa519.BIN
1e401756-88c3-49f3-ba20-0914f1977353	_Art1_Guard	e4d9c14f_c613_4a53_8509_414456fb677c.BIN
7f6da032-ed4a-4913-a2c8-1a89878f53d0	_Art1_Guard	df1dd4d7_2339_4fdc_a855_63a30fcaaa30.BIN
cd1c5ece-b19f-4f22-bad7-8191ceed1fce	_Art1_Guard	d9dbcb9b_a05c_4016_b6dc_d0abd4776173.BIN
110bf3d3-d2c2-43e1-9293-1f604c97f6ce	_Art1_Guard	a3bcd825_7836_4bae_b031_cdf6eb269184.BIN
07e9e20f-a695-4167-ad21-467c22e6cfd8	_Art1_Guard	2c5fe5ee_5945_4b1e_b3c4_978a2602fbac.BIN
a9f73623-e96f-4f92-b485-781b359d3fd0	_Art1_RTF	ef0549fc_7d50_4af4_b9cd_268277a56095.BIN
d775d0e7-46c0-43ef-ba7b-16c767fc50ae	_Art1_RTF	09c94f53_3075_4745_bc38_4817368c4f6b.BIN
c10c31b5-af17-4b32-b179-027b61c50ed2	_Art1_RTF	213968aa_cc5b_4a42_9727_7d0c791058a7.BIN
927e3ae9-ea68-4efc-ad6c-bdfa6c09dd28	_Art1_RTF	bc320d27_1d7a_4079_8ecb_f40fa5556ca5.BIN
0426e310-92be-406d-bdc5-af85af50021d	_Art1_RTF	dcdb419f_b484_43dc_a03b_3e2237d75bfd.BIN
67980dd1-b476-446e-86fc-2d98d0f79da8	_Art1_RTF	ef757dc1_050d_492f_a203_a43c0ecab80b.BIN
568111e1-b680-4b5f-9886-655ae19184f1	_Art1_RTF	205fdd26_ce16_4971_95ef_1d82fc52669c.BIN
2bf79f53-41f3-42b9-aa2d-2f5896666593	_Art1_RTF	3f63dc77_04be_45bc_bd29_3ba2b5075d23.BIN
9e21f98e-5107-4d2b-9e45-5761ef9dfbb3	_Art1_RTF	b2ec90c9_e5cc_4fcc_96d9_7a3e2e4b0779.BIN
a292d9ae-04a0-4a96-9630-e1b3586aaac4	_Art1_RTF	52f60f3e_90dc_4915_b62d_f80d080e6656.BIN
b76631b7-50d0-46ec-8f9d-94711dc32cad	_Art1_RTF	8ccfad43_af99_4547_8504_fefd9cc9dc48.BIN
a8347c0c-804d-4ac8-a9f7-acbe8fd4a7c9	_Art1_RTF	e0dfb588_ea80_4c4b_bd1c_0851bb3e2dd0.BIN
ce8212c3-d799-4f3d-867b-07643f54de15	_Art1_RTF	ce5abe2b_0e70_4a90_91a3_4fa20f93068e.BIN
50717419-fdaf-49ee-a3f1-93b37925a994	_Art1_RTF	2e2aa4ca_179f_4671_9ae5_5f019730e56d.BIN
59dab5a7-e423-4148-b86c-421c85bcc082	_Art1_RTF	df313bcf_0244_453e_ad30_a7140a18ab59.BIN
cfcd94a1-d49e-47e2-9546-857e70de0897	_Art1_RTF	716f14eb_2ddb_42e1_895c_321865b647a1.BIN
bda1ab88-8911-403a-92b6-8dfc996543bf	_Art1_RTF	66c63f29_f458_4527_97c7_f3c82f38b7ed.BIN
81327eb5-e9cd-4e21-bd4c-9c1c19cd6f7e	_Art1_RTF	e6579494_a428_4090_a493_1b0fd9c21723.BIN
17fb1b9e-b593-4307-8ff1-6ec146620068	_Art1_ScriptText	3e66620d_2c60_4834_b076_505b67fb8696.BIN
17fb1b9e-b593-4307-8ff1-6ec146620068	_Art1_Icon	182ce1c4_2728_4dcf_89e7_c81f5de71df5.BIN
9e77a7cc-63bf-4a98-8e17-036b83d9b495	_Art1_ScriptText	c34e3fa4_8c39_4f1c_b0ba_bf2422823e06.BIN
9e77a7cc-63bf-4a98-8e17-036b83d9b495	_Art1_Icon	1c258eb0_dd21_4b70_b62d_4645040a66ae.BIN
f79d7acf-f0d0-4060-b083-7207b66fc52f	_Art1_RTF	8519a55c_ecf1_41c2_95ad_1318a6ed303c.BIN
9d048a8e-8076-45a8-bcee-d57eee3c0b01	_Art1_RTF	f652491b_0859_4724_a9b2_7c210e0fc2a3.BIN
00b8eb9c-cd37-467d-baea-32bb8dddb43e	_Art1_RTF	165f1288_9292_4430_8a16_7734f86b5caf.BIN
e9bd7527-4636-48d3-83c4-57511e293e5e	_Art1_RTF	75d6c1df_9489_4ff4_86ec_f9d40e2642cd.BIN
3fa3af66-0f84-4d17-9bd9-0dfb518d3345	_Art1_RTF	989a33cc_cdd0_44bb_9065_0094918f5645.BIN
419a06c5-d49f-4880-bea4-88e0739fcf1a	_Art1_RTF	2f652bb2_3875_44b0_9cb3_a06541961d8e.BIN
8d73d1aa-3ee0-4806-8955-5ca4372f9d71	_Art1_RTF	51206bb5_a8f5_4be6_8e8f_339183b03fe4.BIN
c0085292-8968-4892-af4f-2a5cdbc7e599	_Art1_RTF	5dd6fc21_91bd_4624_b236_a7289d97a9b9.BIN
cdcf3987-6fae-4219-aee1-4e6466b21ba8	_Art1_RTF	261a3f24_b6f4_47fc_b45c_8984581e54e7.BIN
47977680-252f-4c6f-88cb-1b6ddfd0250d	_Art1_RTF	4bc938f6_6173_4e24_ac3d_70faac0bbb50.BIN
038e0915-239c-4561-9647-252bb62b72c8	_Art1_RTF	8889195e_b12f_49a2_8c61_2a3f79c1f523.BIN
f3d59cd9-4824-4d4e-b867-014157a2ea43	_Art1_RTF	9e5b1c63_ef23_4dfa_8e38_305ba45ab62e.BIN
baf06a39-3ea4-4c98-ba1e-dc492c6b1836	_Art1_RTF	96689586_1cf2_4214_b620_1fc58e3cb2ce.BIN
92d801ac-be30-4a2f-86be-7a67ec270318	_Art1_RTF	3c7ddbf0_496b_4843_a691_47f98f8c90e8.BIN
2ab7266d-c304-4ba8-8c2d-a8c75794dd12	_Art1_RTF	dba84ca6_a16c_4656_a1fc_fb6f2ec4f9a7.BIN
2e9a48f0-cb26-427d-9443-0ab1181c11ac	_Art1_RTF	39a1d984_4be7_42e9_a6c5_92520e0938e3.BIN
35b6d758-6575-4dae-b8b9-4660237e3bc1	_Art1_RTF	fdfaa9c8_f5e5_4247_92f8_d3697efee2a8.BIN
fd7a0eff-a3c8-46d9-a93b-d0def6dbc9ed	_Art1_RTF	96810fb4_d4eb_4748_a75e_3bb68ba65aaa.BIN
f2411aae-8e68-4ee3-af6b-6f2134b744e6	_Art1_RTF	a58f7782_c6e3_46b1_88d6_d58d13f2baac.BIN
3f895ff9-33af-47eb-81ab-eabc4cda3819	_Art1_RTF	e1c98a8d_77ad_4122_9244_e357dcc51990.BIN
c2aaaf0e-3376-405d-83fc-1d7ffe93cd97	_Art1_RTF	8244a80d_0e36_424d_aaf6_673f4f396497.BIN
552e7a52-c44b-4fe2-a6b3-1d94ed0c0be9	_Art1_RTF	8a3028cb_7bb1_4469_a0e0_0ebc957c70b6.BIN
7725b113-4b84-41a5-874d-b7dadaf4f92c	_Art1_RTF	723b5dbb_5ce4_4b41_90d6_daef109fe070.BIN
b89e50a2-35d1-4114-82cd-948abefa6089	_Art1_RTF	284be46c_50cd_4ee7_9b02_3782cea25de4.BIN
8e5047bc-abf5-41fe-accd-b08517295b2e	_Art1_RTF	741a44c2_ab7c_49af_9bb2_39d44413b8ee.BIN
6707650f-a5bf-4ee8-bf32-fb4f90c505d4	_Art1_RTF	93a121df_bca7_456d_a611_b5e81da264cb.BIN
087b36e8-113a-4012-b504-4c6205960791	_Art1_RTF	3c5e6f2b_f39e_417b_818f_149a728b3179.BIN
183107bf-b411-4664-92f7-d38014b9b487	_Art1_RTF	9a49b57d_9b53_4b40_8450_9939b57c21d7.BIN
d1114d5f-b4ae-4971-bbe4-d92cc89535ff	_Art1_RTF	05a4ea0e_3151_48dc_a527_b91413b8c050.BIN
dbbc6965-ee38-48a2-958a-2744756bc707	_Art1_Icon	96d5c731_1498_4c98_b710_d84adfd7f2fa.BIN
95233d7a-8b6f-47fa-86b2-5fc1be2060a3	_Art1_RTF	852c6be1_933a_4a97_9f74_d39880694f42.BIN
c53ea555-fa8b-4626-8b44-0a7a08978399	_Art1_RTF	1ba052ef_aa74_4c4e_8c6a_42274c913a57.BIN
109d3c3d-daec-4b20-acfe-977fb0f2bfa7	_Art1_RTF	793b9b6a_c429_4997_b574_eb374829338d.BIN
7b05e3b4-809b-48d4-bdf9-a77fe12c7bd9	_Art1_RTF	80b13daf_3ff8_4862_bf9d_5eb7435cd6b2.BIN
786c70bf-92a0-403d-8966-0b40bae07911	_Art1_RTF	dd868808_1f9a_4809_9cef_295c371e43eb.BIN
cc2aa3e8-b8b4-4165-b00d-27948326a9b5	_Art1_RTF	271546a7_9139_4e0f_baa1_d11bb0d4bbff.BIN
0bc60dd1-3991-44cb-8772-50c973654667	_Art1_Icon	53150556_e825_4681_9575_6294117e94f1.BIN
e7dd07ef-e663-4e05-9f27-c6c2142428a2	_Art1_RTF	e4713e66_6a0c_477b_bebc_4c1ea8d15584.BIN
a87fc02f-8680-4f23-9189-c2bdd42ce2f1	_Art1_RTF	f180a6bf_dcb6_4cdd_9655_f133b7ea4067.BIN
77b336a6-4607-4ac9-98f3-7aafc183c321	_Art1_WindowsMetaFile	10e1289b_d03f_440e_9957_94ccffef5fb4.BIN
77b336a6-4607-4ac9-98f3-7aafc183c321	_Art1_Icon	c3494ece_bba7_4330_a579_bc46227a6200.BIN
310e1812-47b9-4d01-93e1-d938be4bbdb8	_Art1_RTF	0bd73372_d248_49f2_8828_a0a18a77b029.BIN
0cfd0e53-ef75-4306-9677-426bc610359d	_Art1_RTF	e0130c57_1394_4964_9de6_94bc85f3420d.BIN
82fcd5e5-bab6-4a43-86b0-31a95fbaa0c4	_Art1_RTF	d922c9bc_0ee9_436e_b101_16066e844995.BIN
e4b2b3eb-c097-4fc4-8a6a-f04af7f86857	_Art1_Icon	cd5db58e_028d_4aa8_8480_cf0c8c5dab18.BIN
9cc5d653-2e0d-4d56-824f-7a1ae5ce51bc	_Art1_Icon	32f152ca_60cd_4fc4_ad24_f30e40983b50.BIN
03926741-d7fd-473f-a3b5-dd1c826781b1	_Art1_RTF	380b8cf2_f3b2_4f7a_b2e2_7936aa2a6908.BIN
0624cbce-d8f2-4349-a9a8-ac1e7dd04873	_Art1_RTF	18204b81_e18a_49b7_9e30_55a9a9d201f7.BIN
b7b3d892-65d3-4eb2-8485-b510b8fea794	_Art1_Icon	5f8ce735_7634_496b_b9bf_ac144af9d3c0.BIN
329b2508-82d9-480c-8eb8-39ad64db6eca	_Art1_RTF	ac818789_cbf5_44d5_b2dc_242086a36b7a.BIN
c010872b-465b-4fe5-a540-f9a7214eaa15	_Art1_RTF	3c749562_3815_4691_9b7e_17485b7ac50d.BIN
79f4911d-4b97-44ac-a1b1-9c9f981f1fd1	_Art1_Icon	29956ec4_1580_4ae9_86a6_06388ad14d70.BIN
92e31264-83f7-4e32-96d1-05028088a2b8	_Art1_ScriptText	e1647cf6_f8e4_48fd_beb5_de27851fccc2.BIN
a01bf4d0-ab1b-4947-8c9b-223a9a64e936	_Art1_ScriptText	98564863_56ba_4a0b_8205_03fa312c9475.BIN
f294f962-5f01-4489-899f-449b623e4a99	_Art1_ScriptText	fe9a3a6f_062a_41d0_8e55_1c8c923f8171.BIN
3f10ccf2-dde6-47e9-a9cc-28ea28c77ad3	_Art1_ScriptText	fd31e626_e7cb_46d0_a903_05f3de50bfaf.BIN
0fb91d1e-2253-4dbe-b180-a77ad40cbe02	_Art1_ScriptText	65201aff_f23a_4375_b6be_e84629bb6031.BIN
c5becb5b-14d1-47df-9081-37a09bf7325a	_Art1_ScriptText	afc1093f_0040_4412_ba60_51692a5cf28c.BIN
c5becb5b-14d1-47df-9081-37a09bf7325a	_Art1_Icon	531372ca_6ec1_438d_a79d_088a1597ff24.BIN
5cbf2238-5def-4196-9080-a40c760a3ec7	_Art1_ScriptText	c8759f5e_6375_4acd_9f27_6982734867cf.BIN
5cbf2238-5def-4196-9080-a40c760a3ec7	_Art1_Icon	ec230bde_71c1_42b2_bcb9_c9ca0aa2589d.BIN
92488609-82bb-472f-9fef-a3a9e2749dc3	_Art1_ScriptText	664cc956_7524_45a7_aa3d_343c24b94aa7.BIN
b0b8a4f3-ecae-4470-9db7-0badd1cd71e0	_Art1_ScriptText	770c5693_47d7_4185_a35a_3e2aa3d4581f.BIN
b0b8a4f3-ecae-4470-9db7-0badd1cd71e0	_Art1_Icon	98bf4100_50dd_41e8_a3ce_ba0556286463.BIN
e8650bde-27e9-4a99-83c5-bf3007f4761c	_Art1_ScriptText	923bb5a4_f1e8_46e8_81ca_6210b75b3adb.BIN
e8650bde-27e9-4a99-83c5-bf3007f4761c	_Art1_Icon	2a895175_c51b_49e6_80a1_04dbecf3996f.BIN
a78fccca-4a46-4194-999f-f7228fd2ac51	_Art1_ScriptText	2c9292a4_8281_4d7f_b7f7_5423e8be1b68.BIN
a78fccca-4a46-4194-999f-f7228fd2ac51	_Art1_Icon	5fce9b1f_433d_4d7d_8124_cdfea8c73d69.BIN
d372d931-7ccc-4769-b66f-544afe2ae324	_Art1_ScriptText	d37afd67_3641_473d_9ef9_8b2ef4e89e7e.BIN
d372d931-7ccc-4769-b66f-544afe2ae324	_Art1_Icon	6a249cc5_94a3_4c3d_bf95_7a03dcbadd8a.BIN
9d8a4077-27c6-424b-88f9-91ccaeb394d5	_Art1_ScriptText	08130b04_1de7_4d6a_b02c_cb7b573a2efb.BIN
9d8a4077-27c6-424b-88f9-91ccaeb394d5	_Art1_Icon	de36fcf2_60d8_4bd8_b102_58370bd1288e.BIN
e16377a9-f616-4663-984b-5ad503679efc	_Art1_ScriptText	79ad2f47_093e_4794_9134_5e1118c5ca6c.BIN
2d29e9ec-2994-4484-b079-5a3c45ede83f	_Art1_ScriptText	a1c0eea1_8b90_41bf_b188_7ea78e78fa2a.BIN
61fedc92-b8e4-4129-8f97-680bc4ff880f	_Art1_ScriptText	bacddc93_d61f_4352_a0ab_51241a58e2f3.BIN
61fedc92-b8e4-4129-8f97-680bc4ff880f	_Art1_Icon	6d85bc68_05c3_4f7c_8d7a_f8c24d5e8735.BIN
517904ea-b73b-44d6-861a-d1910d75d865	_Art1_ScriptText	3fb33cb5_9be4_4069_9f0e_b17ae9b248b3.BIN
631e2162-49a4-446d-8822-d296e797cc2f	_Art1_ScriptText	5801fc88_553c_4fb4_9abe_0197b8011d9c.BIN
631e2162-49a4-446d-8822-d296e797cc2f	_Art1_Icon	039ff8d5_1d1c_4879_a77e_da90c6923dea.BIN
c910d274-f76f-4bcd-b1b3-9b60f8d941c4	_Art1_ScriptText	4f58389e_504f_42ff_9446_44ec3927d6a5.BIN
c910d274-f76f-4bcd-b1b3-9b60f8d941c4	_Art1_Icon	a664b037_100c_4969_babd_763217691c90.BIN
c4485e0e-1b42-48b9-86a9-86efa1c4394f	_Art1_ScriptText	ae582b68_480e_4351_af1d_1240640c4b4a.BIN
747eb5ae-6b08-477b-a6f7-639b2c2bf34f	_Art1_ScriptText	4bb204ee_e2e0_4554_8aa6_ea1896f1a3a7.BIN
5bc032a0-b984-48ba-a6d4-1d3fe6cbb09b	_Art1_RTF	bec98fc4_6609_4c53_b6b9_8f24120a8242.BIN
7c001975-8ce7-42da-9206-2a1afcbc4cf2	_Art1_RTF	30301a03_905c_485c_a5ee_63577a931eb5.BIN
b1a38f94-f58f-4b4d-9ba6-720537b2a8d3	_Art1_RTF	8ba98f91_6408_4f81_81d7_7cfc2f2c887b.BIN
54506b3a-c988-450a-be2c-1ec27b0cb4a3	_Art1_RTF	e7b22970_73a4_4945_9253_41fd72e2c718.BIN
5f0342b1-59ad-44ec-92d0-0b36c6d1a598	_Art1_RTF	9ac3e08a_f735_4e2e_9634_961dc4cd4c73.BIN
913c295d-94c3-41ab-baee-5efb35032a81	_Art1_RTF	31f7b33c_8f85_436b_8683_c26edc20f663.BIN
a5e7f551-977d-4e78-9af8-5ee212e7eb05	_Art1_RTF	02e616b3_0202_476f_ab76_6bae29c9deb1.BIN
1f219453-92ab-46ae-8119-6536e8874dfa	_Art1_RTF	3e28127e_4375_473d_977c_3b3c50bde679.BIN
0b9610d2-2b0c-4c6f-9e31-74d1f3a12841	_Art1_RTF	5912d372_7bca_4fdb_8130_d988c9aac6cb.BIN
a3d82c93-af4f-4cec-bcc9-5f28f269d251	_Art1_RTF	cdaefdae_b91d_47be_95d9_1db890a45bb8.BIN
b29e8ecc-d913-4d8f-91cf-f8a1f36a1ce9	_Art1_RTF	101947c8_594d_42ca_934e_d5bfef3d1cec.BIN
784c9e1e-d03e-452b-aa11-ecfe0685ad7e	_Art1_RTF	c6ecbacb_72d7_4775_8e4e_de1324e98ab5.BIN
23fa9f40-4bdc-4d1c-8071-62f357ef2c59	_Art1_RTF	d29cd043_7239_48bb_9869_a231c91c8724.BIN
c8b8fdf8-7135-42fd-9746-70c495359d27	_Art1_RTF	4b204067_8d70_4ad4_b950_97acdf7fab7a.BIN
5cb1fa35-5517-4409-bbad-0dd3dd7f6c3a	_Art1_RTF	4f9c3fb3_1a1b_411f_b18e_6fb166d1b648.BIN
67bbdc38-ad90-4957-91f1-a84556d3065c	_Art1_RTF	f84b40fc_b3c8_40b3_884e_5e41eb04f00d.BIN
b2c027f6-611d-421b-9058-590bd032cbb1	_Art1_RTF	ced6bbfc_5d1e_4f5d_8d46_06e242c59a72.BIN
384b6fc4-8ba2-4272-8607-f717ac8b0f5b	_Art1_RTF	346da1d8_97dc_4600_989d_5a33fd46c276.BIN
1ff94a49-3db4-44a5-a601-7af94b53bf96	_Art1_RTF	cfff8ac1_246c_4f5c_a1d7_c6dc75fe77a2.BIN
7ef88e87-3ff4-468e-8109-a1999612d035	_Art1_Icon	589168bc_b15a_4a98_91a5_7104fd9afba9.BIN
6c4a2168-0846-4b56-ae74-146a17bd3268	_Art1_RTF	49eb71df_68f0_43f4_b974_4d6e00e6b63d.BIN
b5793405-6bbe-420a-99e4-e1c55992bfac	_Art1_RTF	e2211ff8_7f86_4585_83a6_9a9a048f0d75.BIN
57cdcd58-f85a-4c2e-980d-24235508b63a	_Art1_RTF	59b139fd_1755_4ffb_a4f7_dc353c8ec721.BIN
8a8aedbc-b6b7-4704-9e32-5c57fc444298	_Art1_Icon	28a2ff22_bf0f_4054_8d89_81e08b9e10f6.BIN
9b47fd56-a83d-4097-8827-87305fdad5bb	_Art1_RTF	b225bd1e_839d_4950_b279_a39fd75c4335.BIN
9a7c4a89-4466-420c-bbf0-ed3cfb44a3b2	_Art1_RTF	3dc2caef_f64a_4a9b_81b6_c74ead640adb.BIN
2cf447ca-2d4f-43c6-bedb-a42a9837532e	_Art1_RTF	ddd81340_35b5_4e7b_b5e7_c84081bf260f.BIN
35972ff1-2091-4696-9d03-3027b9ed910a	_Art1_RTF	f7b619ae_f735_46c0_b98a_52b800b79e46.BIN
e19bce5c-db14-4755-abdb-e43289460194	_Art1_RTF	c04f989f_9968_4edd_ba7a_0464ba426acb.BIN
a5f601b0-d33d-42f4-af68-1f90f3d3a15b	_Art1_RTF	517d3685_f482_40da_9143_e9558bec14d2.BIN
c3541a1b-025d-4072-b8ab-1d9fa0f0e9a5	_Art1_RTF	99b4fef8_674a_440c_8561_a5f587385f76.BIN
c2163ce7-5d1b-4c9f-9219-2ce946a21fc7	_Art1_RTF	4a357a11_8338_440e_bd0e_d29eb6a3fadb.BIN
de259b56-3608-45d8-a250-92ed1a61c5b1	_Art1_Icon	fcc42e8c_3879_41c6_9488_2fef2e628349.BIN
5339ed09-9d81-49e4-b63a-485202a73265	_Art1_RTF	82d07d5b_8adb_49f8_a46f_3979bb424fca.BIN
a15a423c-6aee-4564-a886-6af56bf5df0f	_Art1_RTF	a578c3c6_3741_4197_98a1_007382348116.BIN
df2fa150-4c34-4a73-805d-52834522923e	_Art1_RTF	11bfc42b_eceb_41b3_bae1_01057e96b0f4.BIN
f6e8aac8-6edf-4160-9931-b0d02d58bd71	_Art1_RTF	f43b0a8c_3758_4712_9403_ebe984c6044f.BIN
83432198-226c-4422-a78f-f829dd769bbb	_Art1_RTF	93f7c056_4f6a_4939_90e7_7f420c2f7c37.BIN
1ce265a5-fda0-4661-adc5-b71f701365f6	_Art1_RTF	58affa32_12ac_4ee8_83ac_4520a5ec223c.BIN
a1b1636c-7025-4966-9ac2-83ed4929a4e0	_Art1_RTF	099b067d_0941_4d4e_bb51_6646cf743577.BIN
17bd7399-8996-4023-8089-32da5404e07e	_Art1_RTF	037f6c2d_067f_42dc_85e3_ab29265f07e6.BIN
3baae140-0190-4df9-85f9-98e2edd49915	_Art1_RTF	24eb38f2_b663_4b5f_9769_f9438dc3c950.BIN
8df54e48-44f8-4dbb-bf60-db4016907370	_Art1_ScriptText	ce5d446c_3ddd_4e58_b2ff_3caadcb378ab.BIN
8df54e48-44f8-4dbb-bf60-db4016907370	_Art1_Icon	a11200dd_2967_421e_b22b_ce80c4775f00.BIN
6207768c-ffc9-4e72-981d-661b69444334	_Art1_ScriptText	e0a82e74_4ada_4f1b_bd61_2c4e29b97897.BIN
6207768c-ffc9-4e72-981d-661b69444334	_Art1_Icon	9f7c21da_4dca_4e82_b653_2c4a236476bb.BIN
5df848ad-6ef5-491b-949f-fa52fa3fa427	_Art1_ScriptText	2af3fab5_2c6b_4a08_be66_367f7f2507a9.BIN
5df848ad-6ef5-491b-949f-fa52fa3fa427	_Art1_Icon	4e1fc28a_a00a_4ebc_99b8_82d160516545.BIN
40eaba39-31ba-4db9-9b1e-65392af831db	_Art1_ScriptText	3e5041e3_ef55_43eb_8e5d_ffaa9789a0ef.BIN
40eaba39-31ba-4db9-9b1e-65392af831db	_Art1_Icon	e37cc1d5_f925_4e74_90b8_36d81f04262d.BIN
95e5c3bc-0036-4741-ab7e-706131baaaa4	_Art1_ScriptText	78024578_d7d6_4e21_bb3f_f764051616ce.BIN
95e5c3bc-0036-4741-ab7e-706131baaaa4	_Art1_Icon	a61bee86_f852_4326_bfa5_a77a5f7a7d53.BIN
b168895c-0363-4a11-9f55-88b3c693cf7b	_Art1_ScriptText	09826a92_52a9_4347_8e89_108a5373d5b8.BIN
b168895c-0363-4a11-9f55-88b3c693cf7b	_Art1_Icon	5e79e7f3_47a9_43fa_8166_225a7367690a.BIN
72c60043-e1fc-4ecf-b462-fc22bff7f795	_Art1_ScriptText	feb04620_aebd_4a3e_b9f2_196fe34f8e35.BIN
72c60043-e1fc-4ecf-b462-fc22bff7f795	_Art1_Icon	c5aa3c76_5018_4293_93de_3bbc6aea9b5e.BIN
f75e3ac7-859e-45c1-85af-168ab46b1f78	_Art1_ScriptText	9a0a52d5_ac3c_4d00_b258_b1eacfa14012.BIN
f75e3ac7-859e-45c1-85af-168ab46b1f78	_Art1_Icon	c713de25_e938_49e3_90de_9d494507658c.BIN
0f3e8b7c-5640-496e-bf28-b0c4a2c64a75	_Art1_RTF	2b2a0e02_8bbc_4da3_b043_8b55656a2ba9.BIN
8fd37e5d-906c-4250-9dad-13caa1f38a0a	_Art1_RTF	5a6a2534_bc16_49e0_8824_bc4e3c542936.BIN
709d319c-4562-459f-bbcd-0b3adf4fdf60	_Art1_RTF	1ff9504d_ec37_4a4d_a4a0_074c9bfc3ff4.BIN
8fb00128-0e45-4930-a8e0-9757d29b822c	_Art1_RTF	03d63529_e5dc_4787_8448_421c1a6d58ab.BIN
306c0c92-4c99-40c4-9d78-f8c890d7dcc0	_Art1_RTF	6275df31_0b66_4b45_a01b_360370707069.BIN
940b561f-be24-4b96-b636-602d1cee4c4b	_Art1_RTF	3409e06a_a550_4faf_96b6_a458af31825d.BIN
918a321c-57a0-4215-9f62-49d394a39bc4	_Art1_RTF	7516f308_3265_4986_9577_81bb3b557d35.BIN
2182437d-f793-476a-970b-0bbd7acbdff9	_Art1_RTF	f1e3c6be_8733_4c3d_af14_a66065a4b1e2.BIN
670fe78c-57eb-4515-b3dc-dd729e1472e8	_Art1_RTF	4ffcc3d9_e933_49c7_a486_6d89c08b9af6.BIN
8ae772cf-e8d2-4ce9-8ba9-ea80db7a6945	_Art1_RTF	b692b612_724a_4fdf_a99d_10268c87ad16.BIN
cebef961-551a-4124-9923-3a50240b2b0a	_Art1_Icon	6022e954_4204_4cb3_af4e_0a9c5c652184.BIN
bbefe852-610b-4db1-8e80-e83c1e478892	_Art1_RTF	fe5598bf_c7c1_44a0_bc03_b0e749c4235e.BIN
63b468ae-9130-438e-b206-dcc8f2251021	_Art1_RTF	da21224d_6382_4e31_ab0a_accf5b5be3a7.BIN
fa73de85-519b-4d66-95aa-981b13c49b21	_Art1_Icon	f1c22a71_c50e_4f5c_b88b_c174ad9bf65f.BIN
6557e742-c73c-4b25-a78d-3414336abbb3	_Art1_Icon	86554401_0b67_4fc1_aba1_0ce0359ad54c.BIN
a58f9772-76cc-459e-98ca-e933526acaad	_Art1_Icon	39e6b43e_992c_4238_9eed_3387d88967e9.BIN
9f340a35-7b49-4646-a495-2214fb8c3565	_Art1_RTF	23ab084a_c197_46df_b43f_366d63844364.BIN
c67bfb28-8733-4b5a-b4cf-4d68c33de590	_Art1_Icon	50c3203f_6ef0_4ab9_b27e_61d885560e35.BIN
23d44b5f-7bbb-449f-a6c5-d7edf469b55c	_Art1_RTF	49bcfe67_61aa_4064_9803_5cad52791189.BIN
887828e0-8ecb-456f-9079-56e5351b8a5e	_Art1_Icon	74211905_aa1e_4c63_9ee2_1bf59870a19b.BIN
964668e8-f8e3-40cf-8dd5-1d51d7b03289	_Art1_Icon	b11dd9df_35c7_4d56_aedc_2ae33457e57c.BIN
abeaaf47-78fc-4e68-81fd-a4337a003092	_Art1_Icon	ac9e351d_1194_49a9_84d5_bf2a592b5557.BIN
4ee2afa7-a7c9-4493-b0ae-e34dc912573b	_Art1_RTF	d3808568_c1e5_4ccc_8115_4ef758543900.BIN
aaea513a-3d09-4fa2-81b7-acedcb58cf36	_Art1_Icon	1a610efd_471c_4e06_bcb3_b573a1ddfa81.BIN
1265017f-6ebf-4132-91d8-0eeed6f4a5ad	_Art1_Icon	c2a7619b_1d4a_4d00_b2c8_901d13e9e0c9.BIN
943ffb7a-058e-4a47-b0b7-624a48e3ad17	_Art1_Icon	e3ca1118_c22e_40aa_95b7_265b2605a7ee.BIN
b8807ec5-99e8-42e3-acfe-99fde322e3d3	_Art1_RTF	e756af59_5bcb_4c6d_993a_2d38ab5df454.BIN
e2954b2f-ff27-437b-95de-353d64c7bf62	_Art1_Icon	69ba251d_b473_465f_9f72_a3424d24a256.BIN
c8fbc5cf-c768-425e-b822-854ef7f96a68	_Art1_RTF	6878432c_4b39_4f4d_a958_39451d1f8eb6.BIN
26ad4303-cee1-4b41-ba63-75a2975a73d9	_Art1_Icon	be136162_0c10_450c_a707_7afa95956b1e.BIN
b398f242-4430-40af-9ff9-c9bac7ce05da	_Art1_Icon	845ab34f_7588_41b2_b8fe_41bacd5c34aa.BIN
7bc42bc1-56ac-4e14-995c-f30ca41cab3e	_Art1_Icon	4ce1490e_b427_45ec_b4c6_47c91baff6ee.BIN
cf2fd525-79ad-46e6-ba28-6337cd07e4cd	_Art1_Icon	7bd6da0f_305e_40cf_9400_8904dbed1b13.BIN
1c1a631e-1060-4b5b-b627-5848cc96841e	_Art1_Icon	23803df8_f907_4ca0_b8c8_7c5f4c13bf78.BIN
b08e7495-a30a-4e87-877f-90570c843700	_Art1_Icon	b13ef421_0dc3_4626_9f00_07cf57851032.BIN
8f3dd2c5-dec5-47bf-9287-93f5df7b315d	_Art1_Icon	1ae2d4ca_ab42_4c40_8d63_996ea2276511.BIN
c99c2c5a-2770-425e-ac1a-e013e65e9377	_Art1_RTF	fecbf432_f9fd_49bb_b6b4_a7c302209fee.BIN
f74442d5-002d-4b5a-869c-ace6fd514f20	_Art1_Icon	a1729272_7afd_486f_8954_79ada35475e0.BIN
9b2ae45d-fec5-4f7b-900d-84b7c2ad7050	_Art1_ScriptText	1c072828_bc57_43a1_8868_c91d0ebe2531.BIN
944ea2c5-9d8c-4279-9fe5-66f60841b21c	_Art1_ScriptText	4e59b3e9_1b6c_433d_ae37_208fc38ee36e.BIN
1db8dbad-2b26-43e5-8871-82559fbd6f49	_Art1_ScriptText	16469203_9e59_4900_aff5_59b3f37b5de4.BIN
ff0468d8-2684-449c-8ae7-07ab5eb6db21	_Art1_ScriptText	412a6fa4_7cf4_4c79_907c_c319a431ce98.BIN
e2f32855-92f6-4523-8431-f92b08a7d574	_Art1_ScriptText	3ddabf4b_34ca_499e_a4f1_5c6e7344ab99.BIN
4182c81d-42f6-48fb-83bf-b00377266ac5	_Art1_ScriptText	5a3cd86c_309c_4969_9a5e_837c453a72b2.BIN
e571ac6a-456a-4386-9c8b-9e9ac05e705d	_Art1_ScriptText	4388854d_58e7_42cd_b801_ec0e747557d7.BIN
2e307bcf-ece1-44e9-ac2c-f254260ad0a6	_Art1_ScriptText	9c2378e2_0836_4a7e_a90c_50939612d771.BIN
cc7eac58-c3da-4a96-a0ed-409183accd60	_Art1_ScriptText	61b93115_1245_4b78_8936_570124a0faad.BIN
cc7eac58-c3da-4a96-a0ed-409183accd60	_Art1_Icon	d886c171_dde6_4685_b20f_fd4b39351112.BIN
c1ece87e-a14b-48bb-a8eb-5ed14cef512a	_Art1_ScriptText	c8068c51_10fd_47d9_977e_f684d822f2d3.BIN
c1ece87e-a14b-48bb-a8eb-5ed14cef512a	_Art1_Icon	6fc5ec3c_b7fe_4b8f_804e_eb2ae7a3675c.BIN
ac0f3221-dfa0-4793-a3be-2d498e2c8c58	_Art1_ScriptText	d2fd96c4_fdb8_4a89_a963_cd330edc7a3b.BIN
ac0f3221-dfa0-4793-a3be-2d498e2c8c58	_Art1_Icon	a575a6a3_2278_495f_b8f3_aa3d3d551280.BIN
b684bc90-d1bf-45eb-8239-26ff62a90653	_Art1_ScriptText	67debe6c_97ba_42d3_be97_42cba774f38b.BIN
b684bc90-d1bf-45eb-8239-26ff62a90653	_Art1_Icon	b87e188b_4378_4391_af38_48245c514d81.BIN
390aaca6-6571-4277-917d-73f85402f51d	_Art1_ScriptText	73851645_f575_4cc9_9fda_15d08636bd91.BIN
fa8c26a2-77a8-4ba9-a140-e1cf065d6902	_Art1_ScriptText	351257dc_7209_4b5e_acb7_261ed96d0de9.BIN
fa8c26a2-77a8-4ba9-a140-e1cf065d6902	_Art1_Icon	b01b3b0e_c40c_46bb_b10f_c40865501745.BIN
9ba59caf-e727-4b40-a93c-cb6232d155f0	_Art1_ScriptText	6b376131_651c_498d_acf9_26ad8de036ca.BIN
c12cd12b-8fa3-4b81-a1d9-bd2780dea7f9	_Art1_ScriptText	61eb530f_8736_4c4c_a13c_f61fc68ebb2a.BIN
c12cd12b-8fa3-4b81-a1d9-bd2780dea7f9	_Art1_Icon	3d4bd756_e666_4d63_bdeb_860e0836572f.BIN
3ed92113-8e57-4653-890d-0a7fa18048bf	_Art1_ScriptText	51031038_23bb_48d1_ac06_39760e4d919a.BIN
62d02b61-14e0-4979-8930-c874b00c4562	_Art1_ScriptText	2f6c8f29_4a07_4e81_b498_434c74d752bc.BIN
62d02b61-14e0-4979-8930-c874b00c4562	_Art1_Icon	dd627c2a_4f33_4535_bc17_bde8479b7ce6.BIN
711c56a7-1c00-4910-91f6-15df2b328630	_Art1_ScriptText	7a175680_623e_4e71_bd20_64e4ca0a130d.BIN
711c56a7-1c00-4910-91f6-15df2b328630	_Art1_Icon	90b2c17e_9315_4c88_a1e6_8435a6abdabc.BIN
a586328e-6af4-4525-b7d2-39a37591076c	_Art1_ScriptText	21ea3a4a_961e_4ec3_af77_c79d0ec6abf6.BIN
a586328e-6af4-4525-b7d2-39a37591076c	_Art1_Icon	46aaffb0_d9da_4ead_9362_fc6c6f15de7d.BIN
912af636-040c-4888-9656-6a38b173e326	_Art1_ScriptText	7c2ae055_034a_424b_9334_a90acf7710f7.BIN
912af636-040c-4888-9656-6a38b173e326	_Art1_Icon	507c52cf_8294_4341_992c_95c1f6730689.BIN
9721b71a-2584-4c56-89e9-b343fe8845a5	_Art1_ScriptText	7eddff36_6d56_4c8b_b92d_f754852a5d65.BIN
9721b71a-2584-4c56-89e9-b343fe8845a5	_Art1_Icon	5d491318_442c_4b80_b364_63b7fc662354.BIN
74ef8804-871b-4b4f-b9e3-2df0f5b52b01	_Art1_ScriptText	228c17f7_d6b1_4e01_ae5e_db6d8d237bf5.BIN
74ef8804-871b-4b4f-b9e3-2df0f5b52b01	_Art1_Icon	9cf824c8_06d7_4aa8_ad02_254312ad46b8.BIN
d034c0dc-bef9-4883-8559-1c54d07afb7d	_Art1_ScriptText	78e77948_3da6_42c6_9db9_9c7a41c8f343.BIN
7e39db14-3f2c-4cb0-b21f-1ff74517bcf1	_Art1_ScriptText	07f1cb4d_2a09_484a_9d03_c6d99a93470d.BIN
7e39db14-3f2c-4cb0-b21f-1ff74517bcf1	_Art1_Icon	499c5432_091b_42ae_864a_155f52a0d215.BIN
9749ec55-152a-48a7-95a7-6ce1ddbc232f	_Art1_ScriptText	20b1cf1d_4867_459f_9764_7dc4ab4a8576.BIN
9749ec55-152a-48a7-95a7-6ce1ddbc232f	_Art1_Icon	f6388c5a_8a55_4d03_a829_9ce380042151.BIN
1d00d139-1e94-4c46-ba4b-810bee7aa79e	_Art1_ScriptText	40447024_fd14_4abd_823a_4ccd95cd43fe.BIN
1d00d139-1e94-4c46-ba4b-810bee7aa79e	_Art1_Icon	5d05609d_3476_45fc_92de_2ea2da95f319.BIN
cf850a0a-84c3-431c-84ea-04a075b037cc	_Art1_ScriptText	dc8f1094_e6af_4ea4_896e_5cd67f024bcc.BIN
ea3906a2-47a5-4aed-9f13-f4324df2844e	_Art1_ScriptText	79f854dc_a228_4198_b4be_b83f1fed2acb.BIN
ea3906a2-47a5-4aed-9f13-f4324df2844e	_Art1_Icon	02ebc074_7776_4ea3_bba0_31eb0f6ed735.BIN
5773412d-07d4-482a-b68d-962b800c221b	_Art1_ScriptText	aee9491b_386f_42be_a7f6_9bfcb0886242.BIN
5773412d-07d4-482a-b68d-962b800c221b	_Art1_Icon	fb9039bd_b1cc_47ce_ada8_06afbc7e3691.BIN
91cfd578-4222-4433-9594-153ff25f8037	_Art1_ScriptText	461e94bf_f5b0_4120_b422_8a628970d76f.BIN
91cfd578-4222-4433-9594-153ff25f8037	_Art1_Icon	68ed3b35_e503_4304_accf_79a673a12627.BIN
e25aded8-d347-4ddd-baa2-45bd5c3a2e90	_Art1_ScriptText	82af1740_c1e3_4985_b46d_b2b2080aabff.BIN
e25aded8-d347-4ddd-baa2-45bd5c3a2e90	_Art1_Icon	4e06b764_f01d_4950_9fcf_e3c363b84048.BIN
e296c532-0e67-4744-a809-23d959fedcd5	_Art1_ScriptText	790c73c2_eba6_46bb_9614_3254527e6eec.BIN
e296c532-0e67-4744-a809-23d959fedcd5	_Art1_Icon	2c8cd452_2218_4c2b_a439_43838e2ba0c8.BIN
e8e10862-3497-4011-b995-8982b8db655b	_Art1_ScriptText	d379c0f5_31fd_4b8a_abc6_044ec9e63a27.BIN
510c1535-1d43-4878-b6cb-2222ca022ee4	_Art1_ScriptText	cdb64cb7_bd79_40a3_8cfa_2d2ff38d168a.BIN
510c1535-1d43-4878-b6cb-2222ca022ee4	_Art1_Icon	812fb79f_04e1_4b8b_8bb3_80b647a4c6b5.BIN
268c7122-8849-48b6-a967-eca6e8bb1da7	_Art1_ScriptText	629a152b_a526_4a21_8937_e53aca0411b1.BIN
93d4f548-456e-4a29-97e3-27fd5e8e67c2	_Art1_ScriptText	78105b9a_a477_4ec4_a359_fc2ce850262c.BIN
958a2cd5-85b7-42df-b592-e0a1cd085e4c	_Art1_ScriptText	f881f49d_9216_4ca6_9a4a_553e3d0aea40.BIN
73359593-f2ad-4ce4-86b2-28ef74a5ae1d	_Art1_ScriptText	b23fced5_3caa_4ee9_8d52_0503f16cbbc6.BIN
8b2d12fa-848a-43a8-a829-d4ed103db377	_Art1_ScriptText	6a10ebab_d320_42e7_82fb_c6165c8aa4c8.BIN
dac57ae3-9fb1-48fa-8b5d-cab59219de12	_Art1_ScriptText	c75712c1_a1e4_4153_8ced_8086a45b9897.BIN
05ca0ea6-2b68-431b-8d51-9c77824932ec	_Art1_ScriptText	0f3a71c4_bf84_44fe_a89c_9249538f735b.BIN
15b08e47-b8a0-493f-adb6-372f60d17fcf	_Art1_ScriptText	11a5dd64_5b37_464f_afb0_39182de348d5.BIN
f309ec97-1ea5-4cf1-ba36-2f045af241bb	_Art1_ScriptText	0fd80582_038d_438c_a3b7_bd76a5cf4cf1.BIN
bbe3ba08-f116-4c9e-b3e9-9ee1adfc7eb7	_Art1_ScriptText	22825f81_575c_479d_a70a_c95858b6cf30.BIN
41fb15ef-9c1f-40ca-b8bf-892b3753dd65	_Art1_ScriptText	6fe63824_7665_43fd_9364_7234d58a83e7.BIN
4edc0588-5478-4c27-95ee-6b62998f0023	_Art1_ScriptText	7e38243b_096e_40ec_af87_6824b96b0b5a.BIN
95f9c6bc-1119-4bde-ae60-65af5edef4a4	_Art1_ScriptText	d34c7a0d_9af3_429b_8557_00513f7c3b43.BIN
a3f3ffbc-e6b0-4868-a303-5dfb8eb34055	_Art1_ScriptText	296de9da_8fdd_49aa_b7db_5190189fed6e.BIN
a3294970-d5f2-47ad-ab86-2407d5027b2a	_Art1_ScriptText	ca9e6754_9684_493d_baec_a6fdf0b38948.BIN
a3294970-d5f2-47ad-ab86-2407d5027b2a	_Art1_Icon	e7547096_24c7_4089_95b5_a3e25c0d75fb.BIN
8c516d0f-cb59-4372-a638-491819cdd706	_Art1_ScriptText	371fa067_f9bb_4916_9b29_37a95f1e7a3d.BIN
8c516d0f-cb59-4372-a638-491819cdd706	_Art1_Icon	e3f39002_ad2e_411e_a787_f49fc4db15f8.BIN
e6751c60-2aa6-4b57-9ac4-e8f3da8f85e4	_Art1_ScriptText	f4a776ed_e78b_43ce_9262_36dad738b071.BIN
e6751c60-2aa6-4b57-9ac4-e8f3da8f85e4	_Art1_Icon	93198433_f430_4d77_948c_af65666f3cd2.BIN
684a73f7-7e25-4eb2-b0e2-cc5d8cc34531	_Art1_Icon	3d8596fd_7d1c_4556_8152_255a0e1436c0.BIN
364994d4-2024-4e88-8018-49243595a06e	_Art1_ScriptText	b6f144dc_b945_4f59_ac54_ed09ccd835ea.BIN
bb32d9cc-18a9-4361-bdbe-7aafa71d532e	_Art1_ScriptText	ceab7937_8d4b_4aa7_981f_a2ca2e49db0f.BIN
8fdfc1fe-757e-4aec-bab8-646584df01a9	_Art1_ScriptText	b8d69be8_e695_494d_adae_eb42931afc0a.BIN
8f496159-cc53-4881-ae84-0403c7ac03e5	_Art1_ScriptText	01ccddaa_f181_46da_8852_0e83ad71f5e4.BIN
08eefa3d-5cf1-4123-ac71-7e151d39a815	_Art1_ScriptText	a333cd10_16ef_4ea1_a528_57b758b6bec8.BIN
f628011f-6358-4f06-bf2a-e1891da8e2be	_Art1_ScriptText	428c5560_7c1d_468a_9697_f7456e8e591f.BIN
eb7daca0-9345-4774-96e9-f3c450b3c474	_Art1_ScriptText	56835a12_2963_485d_af15_8cd4060b8842.BIN
eb7daca0-9345-4774-96e9-f3c450b3c474	_Art1_Icon	5a6a6d00_90b5_4284_bd9d_7c99ffd7fde8.BIN
26a5c717-6875-4bd3-bdad-ebc3c92c4911	_Art1_ScriptText	652e4a4a_faba_4681_a81e_b494b9ee6407.BIN
26a5c717-6875-4bd3-bdad-ebc3c92c4911	_Art1_Icon	54dba7cd_6cdf_43e0_a20c_6ce0371fbff3.BIN
41a0b7dd-c2eb-41d1-bb0e-2d3fc5484d6e	_Art1_ScriptText	b14341b3_a508_4c3a_a695_075d6169766d.BIN
41a0b7dd-c2eb-41d1-bb0e-2d3fc5484d6e	_Art1_Icon	c4a7fe91_4786_454c_8ab6_4822408bc946.BIN
0027e34e-e042-41a4-a7ec-0cf56df12857	_Art1_ScriptText	3edb130f_2e22_434b_b1c8_2d28764b96d9.BIN
0027e34e-e042-41a4-a7ec-0cf56df12857	_Art1_Icon	a832b422_54fb_475d_94f8_f8e569c88b7e.BIN
e065a3b6-6045-422f-aeee-6139983f76fc	_Art1_ScriptText	862ee652_052d_4891_baea_ac06e729ae77.BIN
12e33014-bbdc-4812-974a-41d9ad595858	_Art1_ScriptText	37d02521_7ce9_4e40_9bc7_a06c23a3fcf7.BIN
5931da2a-2b0b-4cf2-b738-f974901ec1b1	_Art1_ScriptText	a837bbed_5e45_48e8_8f4e_d5a5b60e6ef4.BIN
57ab8a25-b3f1-4557-a6ec-9b03cc824df2	_Art1_ScriptText	cc45544a_51c0_49e4_8b27_1a7850e24222.BIN
57ab8a25-b3f1-4557-a6ec-9b03cc824df2	_Art1_Icon	47c47c0f_152a_4bf2_a082_f0a0229fe8fd.BIN
e2888594-d45f-4f4d-b707-6c369fef612d	_Art1_ScriptText	cf6c8e84_dcf1_4053_8339_f4d74d6a6dd3.BIN
e2888594-d45f-4f4d-b707-6c369fef612d	_Art1_Icon	ce9ac4be_b84f_43b6_b3ae_72a5ea4d1f71.BIN
06a0afdd-4ec3-4d6a-b9a7-1818fb73edca	_Art1_ScriptText	29608cf0_4054_4898_a40d_22fb93b23cd3.BIN
06a0afdd-4ec3-4d6a-b9a7-1818fb73edca	_Art1_Icon	bc9cb6fc_d035_43dd_add9_19313d71b842.BIN
7507f58c-9fc4-4728-95d1-01330a0f867d	_Art1_ScriptText	7d8d0f9a_4032_4cb3_a9d4_7deebc02f91b.BIN
7507f58c-9fc4-4728-95d1-01330a0f867d	_Art1_Icon	e76d2b6c_923d_44c2_ad3d_ba46f6925952.BIN
b05bcc02-938c-46da-a5a9-f6c5ec64f72d	_Art1_ScriptText	b7ef6a7c_c607_4806_8b01_f82883f71b3a.BIN
b05bcc02-938c-46da-a5a9-f6c5ec64f72d	_Art1_Icon	5cc545db_3319_42aa_a8b8_87aea2fd44cc.BIN
0c13dfa3-0da5-4c68-ad68-615fbdbd3594	_Art1_ScriptText	776c5d2f_9b36_4ae6_8d60_a30e865e9de6.BIN
0c13dfa3-0da5-4c68-ad68-615fbdbd3594	_Art1_Icon	0f49fa72_3726_4375_ac0d_f70753107290.BIN
3e6a2280-d670-4f6d-94a0-d2a1a46ee33d	_Art1_ScriptText	78c10a7f_2557_40ca_8667_086b03cd9972.BIN
3e6a2280-d670-4f6d-94a0-d2a1a46ee33d	_Art1_Icon	19125b04_8335_4222_9a6e_d2f88014afd0.BIN
208dc73a-19db-4585-917a-dc063a104b0d	_Art1_ScriptText	38d4fa1a_ad0a_4ab3_bfb1_e5911b88c362.BIN
208dc73a-19db-4585-917a-dc063a104b0d	_Art1_Icon	6073b805_f419_40a1_9012_e95f22859750.BIN
a5e2a879-1c78-43b4-8948-170cd74bf71d	_Art1_ScriptText	588b7f55_dd11_4fee_86e7_3a6c67e71503.BIN
e7bce312-37d5-4e6e-b3c2-d2be638eab3e	_Art1_ScriptText	56afd0b8_d75a_4f1f_a010_e5a8ad525422.BIN
993c8108-a1fb-4666-8ce3-417128bd5b42	_Art1_ScriptText	4e0edf86_bad2_4c98_a50f_2cc08256f7cb.BIN
24808f68-9ec0-4650-b399-f7eac429dbfa	_Art1_ScriptText	19c76db4_4244_4166_b171_f1e597e24483.BIN
14120c06-80e8-418f-8afb-72768992b98c	_Art1_ScriptText	f8c553be_acd0_4b56_b583_a228d963ac79.BIN
14120c06-80e8-418f-8afb-72768992b98c	_Art1_Icon	29e2e4f9_13e8_4a51_b91e_3edd4d64b50c.BIN
55519b56-5c9d-42b7-84eb-1991aa6f9f17	_Art1_Icon	5aee2766_76ef_489a_89e4_42a0afdefc76.BIN
5df5f1c6-67bf-4520-8e58-218bbb8c5a51	_Art1_Icon	2fe23e35_4e93_4768_b04c_1a10e2c4c87d.BIN
c82b81ae-3924-438a-99d0-5fca2256c900	_Art1_Icon	1612ce56_d157_4960_8b47_ef53c591b5f5.BIN
cd1f3a97-1c18-4fd6-84f6-9ccab013940b	_Art1_Icon	b3e2ab15_5639_42a5_afcc_854839a2ac53.BIN
24cadd5f-4015-4762-96d7-6b1e2a2894e1	_Art1_ScriptText	fa9d39f6_8868_44ab_9424_ec992331e58a.BIN
0d8c89e2-0415-47c0-aba4-2a150ac0213e	_Art1_WindowsMetaFile	56ce0b4d_40cf_4c35_af2c_7089ab07634a.BIN
0d8c89e2-0415-47c0-aba4-2a150ac0213e	_Art1_Icon	38202d4f_bd30_44ed_a2d4_defb1c03d44d.BIN
a4513e14-cbc5-48f1-ae81-705b23482f32	_Art1_Icon	10d5af02_7f4a_4396_afe6_53ae8a98f546.BIN
e406b475-eb51-4501-9b2a-fd3ea69dfa92	_Art1_ScriptText	bd9e6962_9de9_45c4_ac00_9d0948af2f00.BIN
6a12f966-d5a2-40af-8784-375c07e6148e	_Art1_ScriptText	f973514b_0319_4a40_817d_0d09d4c8208f.BIN
f2b4188d-a5be-4d13-b448-8fa195ba6999	_Art1_ScriptText	663359d5_20ab_48b7_965f_3cfdb269d393.BIN
2bee9a9b-23e1-4979-bb2d-5a4562cc935e	_Art1_ScriptText	685e2150_570b_453b_8098_51b52216c5f4.BIN
3b20132a-ebe6-4131-90ea-c76de0447baa	_Art1_ScriptText	0077a9da_12fe_468b_ae27_67b0dad795bf.BIN
649933ac-fb76-4490-9b46-ff7962b2b99d	_Art1_ScriptText	b23e8917_1805_4557_9041_82a4ccc903a9.BIN
649933ac-fb76-4490-9b46-ff7962b2b99d	_Art1_Icon	946daa33_08c1_4835_a4ee_512fbd325026.BIN
eea6d608-4ca4-490c-a739-3e2ccfb7df6d	_Art1_ScriptText	b3d1cbf2_99b0_4f40_a216_3d4fdb469291.BIN
eea6d608-4ca4-490c-a739-3e2ccfb7df6d	_Art1_Icon	16783de2_3fde_4e68_b1ba_1f655d8f9898.BIN
ccb6133c-4147-4bb0-9deb-ed764377a7a9	_Art1_ScriptText	4eee9075_1e96_4423_a992_b3d3a62354a4.BIN
ccb6133c-4147-4bb0-9deb-ed764377a7a9	_Art1_Icon	d48fd644_9d66_485b_8555_c9719322b55d.BIN
bd950f20-6568-46af-8b09-adac570d2da7	_Art1_ScriptText	6490dcf2_5bf0_4cdd_9b41_d8d7515814aa.BIN
bd950f20-6568-46af-8b09-adac570d2da7	_Art1_Icon	55b3a31e_7af6_4ab2_860d_07a9b70fe246.BIN
5b526590-4ad5-417c-b3af-39e97024a657	_Art1_ScriptText	c38d5e65_d65e_4db4_ab64_316047ef3501.BIN
5b526590-4ad5-417c-b3af-39e97024a657	_Art1_Icon	621ddfc8_f64d_41d2_a343_b2d53ad07726.BIN
2cf1fbc1-ce25-43ef-99b5-48f35ed80b31	_Art1_Icon	c015c1dd_c352_4fc7_aa15_1176d2f37ecb.BIN
eb7b3a20-bb5f-421f-b628-deb818c819ec	_Art1_Icon	d0049505_b8ad_4b66_87e4_f7e846ba6f64.BIN
efbd171e-51d1-43f6-bde3-82f0743ab576	_Art1_Icon	cd884a96_dddd_4137_bf1d_205cded75c6d.BIN
7e266a53-b335-4f83-9765-dd0d9a999fb6	_Art1_RTF	41c05b0c_9e0c_4930_888a_9cbdf62bb2d8.BIN
e8cb6472-bea7-437f-b3a7-cb876b5f7595	_Art1_Icon	24103061_fca7_417c_97ca_d3c67ab55a81.BIN
acc05e1b-70bc-463c-989c-ca466aa3c8fe	_Art1_RTF	6bb0d3a9_9e87_41a7_86e3_94cd9379d61a.BIN
d0734a2d-9e0c-4452-a93f-cd370c41caac	_Art1_Icon	8fa96d04_4d5b_4d49_8a0c_7cba609e3b8d.BIN
4f7b71a4-0ea8-4392-a946-ca33da898080	_Art1_RTF	ed808499_ab11_4509_88b9_981eef6f9b05.BIN
8e844372-3941-4e84-9f55-37c2caed992b	_Art1_Icon	3ac63c57_b369_4479_a455_accf6cb991f9.BIN
a134b0e0-e19b-47fd-8199-f1ddf803004c	_Art1_Icon	2d15f0d2_7b9d_4d59_8bc3_ad4d26e74b35.BIN
043641d8-c482-4904-a9a7-be9371da97ad	_Art1_Icon	9e7afbf6_e09d_43a1_ad9f_aae482f0f9f1.BIN
471c2f23-f0bb-4756-bdf4-dcf4ebd8c2b3	_Art1_Icon	8e7eb94d_fb22_421e_b04e_54a8a0d01d25.BIN
42098982-d47c-498b-a387-c3ebd8a5322f	_Art1_Icon	c1305d3c_6f25_458b_99af_566daec6e760.BIN
7383b8d7-7d4b-4c85-8c14-e61a0fed6a84	_Art1_Icon	2b13e1bb_e630_4da6_9507_621c5083f851.BIN
62bf5e87-8e2d-460d-aba4-a79a4c8b5014	_Art1_RTF	d080eb02_b78f_4af0_bea9_651372d48bcf.BIN
304c6eeb-b9df-4359-8711-8088aefd74cd	_Art1_Icon	75084fee_5488_4899_8abd_9127cbce4117.BIN
dea7c2d1-c418-4773-adac-9147c1f3e863	_Art1_Icon	2714200d_841b_4b4a_88db_4cb6f5d88d4c.BIN
b4ffe7ec-2c87-4510-b43b-bb369efc3fef	_Art1_Icon	d24d90f1_32e8_4f7f_b691_5b3e5370bdca.BIN
ea4118ba-2a86-49cc-a6f7-aac67d7ca95a	_Art1_Icon	0cc2769b_b5c5_4ce4_a093_b78ca27872fd.BIN
f04e2aee-a791-46e2-a0cc-8443499e257e	_Art1_Icon	a6fc5068_258f_4da0_9c09_2131bb841a5e.BIN
8483b06c-f482-4621-a958-7c22376763a5	_Art1_Icon	a8c491ae_93f9_438a_aaa4_73b4a352cef0.BIN
72d64562-c9cc-4a01-9ce0-9729a6cfdc61	_Art1_Icon	073dcd0e_7c7e_45f0_86c1_4730d5806110.BIN
25f99580-5caf-46fe-9804-e37c72d3255b	_Art1_Icon	4d965498_9569_48f8_ba2d_f7e81811b5a8.BIN
3d361545-18c4-4d17-85f5-e7689daba749	_Art1_Icon	1b615f6a_ff24_42d3_b3af_64bc5dbda22f.BIN
4390b8ae-efac-4ee2-91bf-bd352a0b2471	_Art1_Icon	4aca7ccb_722f_4193_a736_dad98684b539.BIN
18a3fe73-1b40-44b9-8d81-0a783e12617d	_Art1_RTF	41007fb4_766e_4586_9c04_296f45dea2ed.BIN
27a9df2d-3973-48d9-9678-e73624a3f12a	_Art1_Icon	17871527_029e_4f2c_9413_791bfd5d62eb.BIN
c08f23fa-eb9c-4e8f-bcb9-ae8c44353598	_Art1_Icon	35c9bb3b_44ed_42d1_b263_a1c78a989193.BIN
a8042ec2-1ed9-44f2-931d-205553d90d2b	_Art1_ScriptText	fc560126_1946_4a2a_a4aa_01162b592fd3.BIN
f758698e-7a1c-42c0-9f43-76ad42bcd622	_Art1_ScriptText	d884a30b_3c1d_40f2_b19f_1b27b67b449b.BIN
b14c95db-c556-48f3-9c76-8bccac7a6358	_Art1_ScriptText	ba478a5f_f715_4582_b035_9f1ac6de8bdd.BIN
2bd5f830-8704-4022-baac-db416f528ce9	_Art1_ScriptText	671546e3_2b13_4e87_b32d_49a63adb42bf.BIN
59c67267-71ef-438d-a749-d858ea334204	_Art1_ScriptText	e449cbe3_af97_43a7_8262_a07c524e0918.BIN
ad327ab4-771c-4b70-b74c-24b44e3335f8	_Art1_ScriptText	39548d41_fbb2_43bb_98a4_24dd14373d02.BIN
ad327ab4-771c-4b70-b74c-24b44e3335f8	_Art1_Icon	11efa00c_30f8_42c1_bc36_62e9d6a80e51.BIN
b1176665-33a4-4f89-bc8f-9f615b454a26	_Art1_Icon	ce177b5d_36e1_49ed_8d4c_968480437b23.BIN
70beb8c9-2c6a-4fbc-92c8-0ea14db92e6d	_Art1_RTF	d754fc26_dca8_4f7c_b858_cc8cff198553.BIN
024433d8-85f0-4ecd-875e-8149414aa343	_Art1_Icon	85ab77bd_9a76_44a0_9f51_9963f6475d16.BIN
fb1da56a-273e-4332-9ff5-f58e232b0106	_Art1_RTF	1bcc661e_83be_4621_9477_b0869b0786d1.BIN
17d6e280-9568-455d-a88f-ebf07f749932	_Art1_Icon	9b7f8501_a5ba_444d_b287_d23dc93c5a35.BIN
8bdc44d1-7340-48d9-9c99-5d11d15f9280	_Art1_ScriptText	49909d61_30b3_4450_a0ad_506d8daf87c9.BIN
8c781cf6-bde4-47bb-9150-b06d93dec035	_Art1_RTF	714d6b96_2f55_47c4_ab33_0966918eb693.BIN
bc68ef8d-e81e-40df-9796-2ea277f41ee7	_Art1_Icon	afc9eb1a_2e5c_45d5_acf8_82e6889fe14e.BIN
bf7a2f37-5da3-47c3-ae9f-a2c6a25d3e31	_ArtX_PROFILEHELPERASSEMBLYFILE	0e6d0151_0eb5_4f84_83d7_fc97cdceb87b.BIN
bf7a2f37-5da3-47c3-ae9f-a2c6a25d3e31	_ArtX_PROFILEHELPERHELPFILE	e5da93e3_cb3e_4241_8793_f486c5c420df.BIN
bf7a2f37-5da3-47c3-ae9f-a2c6a25d3e31	_ArtX_PROFILEHELPERHELPTOPICPREFIX	2265d483_12de_4957_9c31_1f19fd40c17e.BIN
e091e796-bec1-4ffa-8f9d-165acc57f124	_Art1_Icon	b45c442f_98b9_4a37_bd3c_b54237053e1d.BIN
b33dd2ed-365d-476a-93af-1ae7dd95327c	_Art1_RTF	7edc75bc_0a60_496f_8caa_9d65ad3686ed.BIN
83401265-641f-4c79-a0cf-2c5a25e516e2	_Art1_RTF	863f117c_3372_478e_8555_35740fbdf266.BIN
323c8201-e478-4a82-b959-562f0c2043b9	_Art1_Icon	f13f77d5_0a2a_4b7f_a8a2_07215d9960bf.BIN
aa3b95da-a228-460a-90ff-cc2cd353c3fe	_Art1_RTF	d8055a94_3d6b_4d08_861f_4d64036d33f9.BIN
87096dd9-30bf-48f2-8ad4-217a0aad6ba6	_Art1_Icon	ab176b75_381f_486c_bf23_47b2dbbb64e4.BIN
bb76f591-3b07-4a06-8282-20400ffdc5f7	_Art1_RTF	eccd2488_c755_4109_ad40_b1a48ec041ad.BIN
ceff3462-8555-4598-9aa6-fd6e8df78725	_Art1_RTF	14dd8bee_6422_4b74_bfd5_eb04b784d249.BIN
01c90416-3d75-4cd4-a675-c44b2f85a339	_Art1_Icon	627436ee_c72b_43a9_9418_c847bf3ddd06.BIN
31f99938-4645-4d69-bb95-b01a59d6597c	_Art1_RTF	8e050a4f_0d9f_481b_9a7f_99cfaa5d4ba6.BIN
943ce03a-b899-4466-a2e2-b0873a792104	_Art1_RTF	d3d2e20f_2501_4ece_bffb_17f945515249.BIN
d9eb4e88-736d-479b-9e97-ebe05cc913e4	_Art1_Icon	9b2f7f8c_31c4_4f60_a5e9_3af8efa65079.BIN
0529a073-d61c-4531-8ca1-efbde3ee262d	_Art1_RTF	84ededbc_6b46_4a52_8f1d_219fc60cc736.BIN
4203a43c-ea3f-4a2b-bee7-2f468a267d90	_Art1_RTF	a54f89b9_3693_410b_a820_594e92ba1c2d.BIN
4c1412ff-5d60-4b99-baca-6a8f322bb10a	_Art1_Icon	0f84e5fb_5c6b_4720_8848_f4871bf33613.BIN
4b8cfffe-808a-4803-86bb-8edd6c8e3af4	_Art1_RTF	246245de_8058_4a2b_95f0_e90916b61559.BIN
4d24c052-15ae-44b5-ab93-576c1c4acd5a	_Art1_RTF	af472329_f400_462b_9e70_f4d13a502b6b.BIN
33856354-35dc-4111-8194-ceed71793b5a	_Art1_Icon	526e65e7_2f25_406f_8258_6c750fc3839d.BIN
d152d923-61e1-4270-9444-703d4eda8c38	_Art1_RTF	3c50e45c_e71a_4ab4_b33f_97b0b6467f2b.BIN
2b15b8ba-8935-4aa1-b014-465a1afd9a79	_Art1_Icon	14b7a064_ab0a_48df_a72a_2796b26032cf.BIN
37f31635-c9c9-4c24-b2b4-444afea3c67b	_Art1_Icon	15d63a7e_1e71_47a9_ae9d_bce947377cef.BIN
cba00866-7824-4dd2-9fb7-2167ed98bafe	_Art1_RTF	99cdc108_7946_4702_8c5f_2ae84df99497.BIN
e81b19fa-c0f7-4bdb-9a53-d2ac3bbfa716	_Art1_RTF	f1a5db2f_1c70_4fd6_98e0_ea7d5b92c93a.BIN
b19622a5-c775-417f-a35a-f67912c1a7a4	_Art1_ScriptText	fc89735d_6e1f_4aae_ad98_315a9623c962.BIN
1075eaba-f85e-4f5a-9284-87be3125a310	_Art1_ScriptText	d02e9419_1d16_435d_858f_3a5c00d47ccb.BIN
37b74319-0df7-4459-af54-fa6128ccb5ca	_Art1_RTF	7de0f73e_740b_4a70_8fb5_3696e8b994e9.BIN
faf8c3d7-f567-4d47-9593-5217bbdb730d	_Art1_RTF	71442dd5_c0cb_4dcb_b65c_c97f00703269.BIN
04a519f9-5d5a-4087-b7a0-d9c6f70a5b68	_Art1_ScriptText	300c5d97_0bbd_4295_8c00_647a017e3267.BIN
f721896f-d067-46ff-b4d6-c9bb94693b48	_Art1_ScriptText	b59e7267_a427_4952_bac4_0c49146ad8f9.BIN
ae4d67f2-c378-465a-9f33-5fb0169c31e6	_Art1_ScriptText	d490e3ab_1646_4a40_9572_d21437911dab.BIN
5cd6ff46-dcb7-4ad6-9ab7-df7f364b65a8	_Art1_ScriptText	46df64f5_a11d_437b_b16d_136ac790d6e3.BIN
a89a4c4c-c731-4221-bfca-36084e4f031e	_Art1_ScriptText	b5a5f2d6_6100_42b0_ac3d_a93f084590ff.BIN
1e060f43-e692-4442-b30b-d7b80d76115c	_Art1_ScriptText	e206b5aa_9c3a_4876_9e79_805c7c7c9e76.BIN
21205be8-13fd-4eec-bd75-290062dd0e55	_Art1_ScriptText	26f69e56_7ecb_4123_a09d_5822493eb435.BIN
deecbba7-ae7c-48c2-a70d-4e10e33cdf40	_Art1_WindowsMetaFile	afde4524_5785_4edd_8136_1b8dde6aa3e8.BIN
8795b812-1971-4c1c-b337-66d6a49050be	_Art1_RTF	61ad550f_07ee_472c_9113_6fafbf57fa1a.BIN
e9b24df4-3da8-49ed-997a-f73a660e4676	_Art1_WindowsMetaFile	e19fa243_f977_44a6_a0f0_37ae16cf2e64.BIN
4c86eae2-8545-471f-8756-ca15e5363b6a	_Art1_RTF	3ccf35fa_dcdb_4a90_92d8_d7d9ea617dbc.BIN
63898413-193a-4d4a-bf85-595d61b03309	_Art1_ScriptText	d1b75896_b219_4372_95c7_f37114a6ab4f.BIN
876d6b9a-9570-4d3c-9444-93bb5cfa4a03	_Art1_ScriptText	e9671d1b_3f3b_43eb_a39a_0870aea7556e.BIN
4890d9cd-1cb2-4d89-97c7-60aacb327293	_Art1_ScriptText	3e746435_5e18_4bc6_acd6_185ebd642efd.BIN
195a2593-10ea-4f7b-846b-37c398d65ea5	_Art1_RTF	e0823d35_5c67_4e13_b3db_43bab414cec8.BIN
c77f1b60-a5e0-4e66-bbe8-54fdc664f0b1	_Art1_RTF	c572e091_a901_4c4e_968b_dc7b59c6de7a.BIN
c603511f-1e3b-41fc-a80a-05e349230b72	_Art1_RTF	2999f6f2_2a93_4e92_b1e9_fa58a62012fe.BIN
d9813397-59f2-4cc5-9b6b-b170eaf3fbf2	_Art1_RTF	17fbcc15_4bb3_4f9b_aa7e_bf2dc76c54be.BIN
501680dc-f28d-42f6-8283-0853a5029281	_Art1_RTF	fb08e1e9_ef67_4111_9860_959ef2a1f886.BIN
f520fe72-9aab-479d-b9aa-9fd15fb25755	_Art1_ScriptText	fc981abb_adf7_4505_8121_e755f309c9db.BIN
6eb5032c-c2fb-4202-ae63-f36edcc13779	_Art1_RTF	3a81fca2_678d_401c_ba51_320ac2c1a73a.BIN
ee863ee0-23ea-4bc9-bce9-13bb80930bf0	_Art1_ScriptText	f63157a1_bb5d_4a31_9ba9_1288478f4847.BIN
b24bd0a3-4900-4a39-90aa-8678d6fae592	_Art1_ScriptText	dd979586_225d_4e55_9769_25a6467a43b7.BIN
050d956a-337b-4e8a-bea7-72847d4b441e	_Art1_ScriptText	95dc2a5a_a641_4052_9874_a5d5f7c4ea9a.BIN
ac2b4462-b5a2-4922-9a73-c1eb3069abe1	_Art1_RTF	23e79cea_c1e5_4868_9004_d6d38bb5fc2b.BIN
ff3a55c4-c189-4d81-9d18-7b9799c3c23b	_Art1_ScriptText	2152673e_e4ec_4560_8a31_8f563a052ea2.BIN
6703b9c2-7fe4-44bc-ab6a-c8eaa1a74bab	_Art1_ScriptText	1f435c0c_380f_4221_9fe8_aa51a422a3f8.BIN
6769b8a0-80f0-40d8-9327-a4ef52df52c1	_Art1_ScriptText	6a27ce3d_97f0_40ab_950b_67a2a01bf18a.BIN
bc938282-fa26-47b0-a436-2d78e0f723e2	_Art1_ScriptText	fffde455_53d8_44e0_9db4_a722ab9966b8.BIN
19a89de9-553e-4d38-a072-fee4131a0de4	_Art1_RTF	9562cd8f_bf04_4bf4_a002_ef4d9cb63c9d.BIN
eecb2494-8eb9-4387-8da5-6e5d5b640513	_Art1_ScriptText	f5bc92ff_b29c_4ce0_8839_7723895d1e9b.BIN
a39e7821-3239-4d5c-977e-6db727f4692f	_Art1_ScriptText	1f96bc8e_9346_4e45_8450_bcb37daf8186.BIN
f6da4453-6119-40f2-8b99-597aee167d84	_Art1_ScriptText	8a597cf4_fe81_45dd_87c5_4b5d9e158426.BIN
f6da4453-6119-40f2-8b99-597aee167d84	_Art1_Icon	75977ac8_3cda_4d24_aa6f_ae05eb462fde.BIN
b4d311ba-5d96-40f4-890a-c8cf40007f33	_Art1_ScriptText	7ad5e257_4be8_4af5_a843_3ea662ea2d3e.BIN
b4d311ba-5d96-40f4-890a-c8cf40007f33	_Art1_Icon	c490e345_df49_47c3_b29d_f2c89b5b4aea.BIN
90c7042d-df14-4c50-a7e3-04adb986447a	_Art1_ScriptText	4086835c_6256_400f_ae09_3a27b37d6f72.BIN
90c7042d-df14-4c50-a7e3-04adb986447a	_Art1_Icon	235e16f4_367c_4501_a661_20fe456c3c7a.BIN
aad6532f-692b-4f27-b54d-98fda6ccfc26	_Art1_ScriptText	b4ef2f58_6b0a_43f9_9aa5_220217b8bf34.BIN
aad6532f-692b-4f27-b54d-98fda6ccfc26	_Art1_Icon	9f2a65fb_f378_4134_828e_ff5d00c42a08.BIN
9cd8d207-eaaa-419f-b49c-e5f5e7fe2a31	_Art1_ScriptText	cb8ee0af_b196_443a_8d2e_609c696af393.BIN
9cd8d207-eaaa-419f-b49c-e5f5e7fe2a31	_Art1_Icon	5287b5ae_982e_45bd_88e4_6cc9c2be8781.BIN
f57d7bc1-2dab-4037-9ea3-8c979fef88d5	_Art1_ScriptText	59fe686a_9f06_42fe_b135_e1bd5dd4e478.BIN
f57d7bc1-2dab-4037-9ea3-8c979fef88d5	_Art1_Icon	0cbba0cc_d36c_481a_a695_87c2312771b5.BIN
ddddb547-085c-478b-9ca7-7595a8a0dd6e	_Art1_ScriptText	82388654_f9d0_4e06_a1d6_c317005f85fc.BIN
ddddb547-085c-478b-9ca7-7595a8a0dd6e	_Art1_Icon	112e3d88_7093_4426_913e_410bff9f9952.BIN
5316228c-32df-458d-8303-7a6894839cb1	_Art1_ScriptText	c3646621_4688_4075_957a_306c613a3bbe.BIN
6c86c0b0-2797-458a-8073-a207414b1982	_Art1_RTF	1e5670f6_4d22_4eb1_81d5_dd8c93b5071b.BIN
1a0ae194-1608-4063-b34a-2a4113ca8a4a	_Art1_ScriptText	b376db69_6381_4518_8f59_3e0ebce00375.BIN
600654c1-c90b-446d-a6ba-575c7f84e656	_Art1_RTF	3b099e97_6c81_4fd8_bb1c_ff0489c3a2b5.BIN
1511d6ae-0da6-46ad-8f4f-8bd3cff906ac	_Art1_ScriptText	71bad809_ef46_4a89_968b_83c7b43ac93e.BIN
b08ab59c-007c-4fa3-b88d-448da0a75a8a	_Art1_ScriptText	4c758cd6_9deb_4cd7_b7ac_c1f0b51f9187.BIN
fb21938d-c6c5-4f47-ac95-dc335991fe3e	_Art1_RTF	07193837_abbd_462f_9110_e0f5f1ffefad.BIN
9b41f7b2-2f1e-44e6-8b30-26d9f4ee885f	_Art1_RTF	07b7e419_f463_46db_963e_f346f20603b3.BIN
c5fecb46-cec8-447b-b9f9-06d723c1f785	_Art1_ScriptText	4d4ff27a_672a_47a5_9c51_314e742ba728.BIN
e54f0f91-6b49-4ce8-8d83-6d398a29b40e	_Art1_ScriptText	eae7c982_4272_4d5e_8a79_6307ae8652b2.BIN
ee77923a-d195-463e-bfbf-c22dc8a6565a	_Art1_RTF	3bd852e5_5726_4556_a887_bcd09087ad43.BIN
c834527a-4ba1-4bc3-a335-3b8390c699e8	_Art1_ScriptText	9b9e30a9_ca72_4e75_83ee_b2d36e5cc3df.BIN
fb5c2971-830b-4e01-9fb5-1d935f658c18	_Art1_ScriptText	dfdc9068_45c7_42e6_8b0e_5351fbf873cc.BIN
a39ebfc2-22d1-4c04-baee-a8928fb5829c	_Art1_ScriptText	db7e01bf_01cc_4afd_943b_76ff83e71f84.BIN
5f0893d7-4e35-4a0e-9dca-156c0915b27c	_Art1_ScriptText	a173fe51_0b05_48ef_814a_98425d97974f.BIN
4beedbe5-13b9-4200-bebb-55773bd03a0d	_Art1_RTF	7ca13579_7321_42c8_a0f9_e94d263fe128.BIN
b5088c9a-6184-42af-90be-52a9010c640a	_Art1_ScriptText	42d71ddd_5ba2_494e_8423_f968f6db0c95.BIN
d6fc82f7-3fde-42d3-8b36-1890559f3afa	_Art1_RTF	6bf7ed10_5e93_46c2_9fa6_b6ec59c9f3ab.BIN
0eaaa7b1-4af2-4cd3-adfb-1e7b68c2b814	_Art1_RTF	0090023e_eb75_4572_86c6_785119561478.BIN
c73bd0ee-a83d-40d9-ba6b-36fd2d223497	_Art1_RTF	32143dd3_6c4a_4ec0_8d76_c123ee551fd4.BIN
812d2ba4-94fb-4e41-bee5-f87d5d3c89bb	_Art1_ScriptText	e9bdc8dd_0d95_47d7_a290_b01c2e6eb249.BIN
0ace9370-3514-493d-b2d0-7a028a889a30	_Art1_ScriptText	854a8b7a_f879_4ab3_83b2_85162b959e5c.BIN
ba5a2938-152e-419b-b405-87e0106474cb	_Art1_ScriptText	9ae05828_deed_47b2_b4cb_df200541c162.BIN
4057e6e1-42f7-42c0-b0a6-20e5ce065ea5	_Art1_ScriptText	02ce9da6_de9e_4560_ba85_2527bb2e6843.BIN
05c1cb03-3147-481c-87cd-7689ff1093bc	_Art1_RTF	abd455ed_a655_4a63_b285_52331808e867.BIN
69f70165-d067-4280-aa54-ad52ab43130d	_Art1_ScriptText	85ed2fde_27c6_4867_ac2a_f0fb6903ca76.BIN
02a0c615-a616-497c-8914-34a7b1785c77	_Art1_RTF	8d9e38ce_3a11_4177_a552_c1b2276c9085.BIN
a67b40a6-598b-470b-af42-a09e67e406fa	_Art1_RTF	713ab04f_1af3_4d87_8949_442ad989d7ec.BIN
6ed1595c-9e35-43c7-9f89-b1745d367b2d	_Art1_ScriptText	36e6b71a_7cf0_4a53_86e3_69a3f3ad0ab5.BIN
bf5816c1-6b38-4087-ac78-5ef4d5ef7fcc	_Art1_RTF	d433a973_1293_4dae_a99d_c003071f80cf.BIN
a1e4d6cc-e143-476b-93aa-295ae35ab868	_Art1_ScriptText	f140a14a_6a00_4eb7_9f57_8f0adff0d7b0.BIN
02ba776f-459e-434a-8244-5c9558d91334	_Art1_RTF	93e74ceb_50a0_4f2d_b291_0e231239669a.BIN
e0d3aca6-3919-4fe7-bb55-8ecb798e9c8a	_Art1_ScriptText	61c6b7e3_2be0_4eaf_a5e6_a69ebad33979.BIN
e6c60d55-97d7-4104-8ba3-7ff6e9d0acc5	_Art1_RTF	3a88e347_cb34_4652_a9b5_ea912ac77db2.BIN
38afc45e-2f29-42dd-9a7a-e2a0bbd22580	_Art1_ScriptText	513f3ce9_9314_45a9_8cd0_fcc991b9a7f1.BIN
51b30f37-4257-4d59-89aa-5a7e0a928c15	_Art1_RTF	1e675a1a_e7d0_4e99_8b0a_d0f9cab8e55a.BIN
c17d2e3e-5a3c-4663-9715-09fcfd7f126a	_Art1_ScriptText	f874a566_c9dc_4b84_b649_edc3f3006ca6.BIN
ea0c6ccb-2c06-4297-8c31-604896d03535	_Art1_ScriptText	b5723266_e1a8_40b9_8de1_958d43c6c971.BIN
a6d5c528-ca17-48e4-8c03-b7db883f096d	_Art1_ScriptText	a27975eb_5ee6_490e_8515_677499c68a03.BIN
c4b70494-b4a9-47e9-877a-7032b1fa6893	_Art1_RTF	939abb08_baf6_42ec_8217_a83b51b7f9ef.BIN
2f98359f-3326-41d9-8742-4fafeb4cd1bf	_Art1_ScriptText	b34ed1ee_c0e1_401a_828e_11cb1e2deaa0.BIN
95b36ff8-b2d7-4cfe-941c-109af25f5418	_Art1_ScriptText	e8d76bd2_0c46_4c4f_8f70_4ca366dceb94.BIN
af2ec0c1-113f-4972-9b3a-741c559a683e	_Art1_ScriptText	e2e55bb5_7e03_4916_b5a8_24814b2870bf.BIN
0a677a02-fe8a-47a4-b8ec-53738a459009	_Art1_ScriptText	ed7a919c_d8c5_4afa_a1c0_eb11eef11476.BIN
f32c68c6-38ad-4d17-b9ef-3aa2c07d07ff	_Art1_ScriptText	310d6ef2_126c_4a5e_8977_aa7a6450fe15.BIN
7993bf5f-b2ae-4690-bb41-fc95196b07f2	_Art1_ScriptText	d65af7d4_5ead_408f_bd8d_8270e10843c9.BIN
f6a50535-ecd9-4d0e-9731-e5eb8b637de5	_Art1_Icon	2c1161bc_dfbd_489d_bf1c_539bbfc751c1.BIN
75bd1b8d-3d57-4ec2-98a8-d9a2803b672c	_Art1_ScriptText	c874e087_cba4_420c_9015_822a47c62369.BIN
919d0cec-43b8-4a23-ba2e-f00a3ea3cddc	_Art1_ScriptText	95a6cbab_b5dc_41f9_adbe_a14e3c79cc8f.BIN
1dc5dfa8-ffa6-4c71-b7e7-3a36380f35a2	_Art1_ScriptText	94c7385d_6dea_475e_9fb8_904893dba66f.BIN
47caee0c-96bf-4cc4-ba2a-d3b82082a25a	_Art1_ScriptText	1b018c05_0956_487e_9b77_fca7ab492aa8.BIN
d0272b52-2955-40bd-a1f5-34115574562a	_Art1_ScriptText	2d99c4a1_f208_4278_baf3_3118ab6242e3.BIN
64f50ea2-4306-4e34-a1ee-a1d1b9b4cba0	_Art1_ScriptText	f28e47ba_36b2_4e7f_83ea_af93f68c0331.BIN
ab491bce-44f6-4ba4-b88c-d6f559f2f714	_Art1_RTF	d6f38f49_a207_4b4c_8105_eba572e2217a.BIN
10babbe9-8fae-43a2-a95b-521e836d94d5	_Art1_ScriptText	da97a8bb_9d3c_44b1_a144_ed685c1600cc.BIN
f42a98bb-3610-43af-974a-f14c09fbafb7	_Art1_ScriptText	c96ce581_87b0_4483_896f_86133a808d93.BIN
0485ba2c-3f9f-4839-93f4-a899346df101	_Art1_ScriptText	cfc6c4a1_ed94_4c1b_bee4_33eb1add7471.BIN
873a9a83-e769-4476-aa51-4d43e4eceb67	_Art1_Guard	94931ea7_5c13_4096_8e19_1851ca23b3c3.BIN
9358ff69-2eb9-4828-9d1f-7ea2e6acf201	_Art1_Guard	cbcab098_1159_4c8f_8853_9520ebcf3a2a.BIN
0aad47de-9e29-42db-8a6a-2c4987438d61	_Art1_Guard	b721269c_4191_4d81_9aeb_47b5c0a72317.BIN
eef0b170-91f4-4871-960b-ae7796266918	_Art1_Guard	e620cf0b_86df_481d_930e_802997a7161e.BIN
