a03eb775-7bc7-4bd5-8b20-7ed4b08ca8c7	_ArtX_REQUIREMENTIDDIGITS	3adbc420_3960_4b06_a4f1_d20526344a2a.BIN
a03eb775-7bc7-4bd5-8b20-7ed4b08ca8c7	_ArtX_REQUIREMENTIDPREFIX	c0ab8b65_a659_4084_82dc_a64268686d6c.BIN
a03eb775-7bc7-4bd5-8b20-7ed4b08ca8c7	_Art1_Template	52b31164_9185_4511_9674_0a1967f78839.BIN
cfaf9064-584e-465b-980a-218fe86abfcd	_ArtX_PROFILEHELPERASSEMBLYFILE	4f9b5f98_bd33_430c_ac72_c28e04ca7bef.BIN
cfaf9064-584e-465b-980a-218fe86abfcd	_ArtX_PROFILEHELPERHELPFILE	b5aabd26_500c_47b2_baa0_1d17e1d8498a.BIN
cfaf9064-584e-465b-980a-218fe86abfcd	_ArtX_PROFILEHELPERHELPTOPICPREFIX	62ce7f4c_d826_49ef_8efc_e8e935f48894.BIN
b06acdc3-3fcb-46fc-aafb-0b1bbda21f3b	_Art1_RTF	e6654211_9819_4ca9_87a8_3a380cd68133.BIN
7536b1ee-4cbd-4b97-b7ea-66499e5e78a2	_Art1_Icon	61ae62db_1e4c_47e8_b59f_0729ab644352.BIN
8e640194-7f75-4ce8-9ae8-4d3ed49193b9	_ArtX_ADDITIONALBROWSINGMODELITEMTYPES	df46e27d_2482_4a53_8383_f8d61d35a209.BIN
8e640194-7f75-4ce8-9ae8-4d3ed49193b9	_ArtX_PROFILEHELPERASSEMBLYFILE	95764ed5_edca_4eec_a8a9_ec895efccd0c.BIN
8e640194-7f75-4ce8-9ae8-4d3ed49193b9	_ArtX_PROFILEHELPERHELPFILE	fa97ec43_2e31_4932_8786_ab8b3f745362.BIN
8e640194-7f75-4ce8-9ae8-4d3ed49193b9	_ArtX_PROFILEHELPERHELPTOPICPREFIX	86f6ab37_d5c2_4db1_9a56_aeb3ec682290.BIN
d779075a-cb88-40bc-afa5-7992c9e5c6cf	_Art1_RTF	5592971e_abd7_428d_875e_4e617aac034b.BIN
8e7e6f4f-4fd9-4dc3-9b5c-f9383a6c106d	_Art1_Icon	5276541e_1356_4c65_9a60_36b521ec0374.BIN
7a8191b4-1b16-4d4d-a4e6-6b0d101d3b0e	_Art1_ScriptText	3edd3a18_0ba5_4c47_9f92_02902b5de89a.BIN
6fed52b5-64a1-4674-a1f6-04ab49531576	_Art1_ScriptText	43b98321_a9e9_472d_847f_1b618acc449d.BIN
f80bc0e3-e8a3-4ec6-b0d8-f3ccd1ac6c64	_Art1_Icon	f8429992_d2d3_4f4a_b806_d181e6eb482a.BIN
ba09c4de-bce3-41b6-b542-bb982bde1bd0	_Art1_Icon	3dc57c6b_7517_4145_baae_eb81aa0b7f2c.BIN
c9f07d92-fce9-4069-9cf2-fb4c10cc1c0b	_Art1_Icon	82c9f83f_9758_4b79_b999_56859978f381.BIN
fb4a88a0-6975-4a56-8a19-7c9e631f7d51	_Art1_ScriptText	9f92ce03_1110_4f46_80e4_9323789ef58b.BIN
26eb90a1-05d1-4662-85c0-fae75c452f5f	_Art1_Icon	595e6c5f_1c63_4679_a0d8_5d0fc620b517.BIN
17fb1b9e-b593-4307-8ff1-6ec146620068	_Art1_ScriptText	5c6e60ab_9297_4ab2_afb4_1225faa0ce53.BIN
17fb1b9e-b593-4307-8ff1-6ec146620068	_Art1_Icon	9aa56dd2_46d4_45bd_b951_83f7b698393d.BIN
9e77a7cc-63bf-4a98-8e17-036b83d9b495	_Art1_ScriptText	a2c637e0_663c_4089_a4d8_7b6f124bdcd5.BIN
9e77a7cc-63bf-4a98-8e17-036b83d9b495	_Art1_Icon	654955a2_fc3e_48dc_a3cc_bb361c4e9862.BIN
f79d7acf-f0d0-4060-b083-7207b66fc52f	_Art1_RTF	f2cfc1de_b761_4735_ba1e_af590de8769c.BIN
9d048a8e-8076-45a8-bcee-d57eee3c0b01	_Art1_RTF	9df417c2_98ff_4438_978c_fca937759404.BIN
00b8eb9c-cd37-467d-baea-32bb8dddb43e	_Art1_RTF	f9e31c49_6de8_4a89_a98a_8b21d8ca40ac.BIN
e9bd7527-4636-48d3-83c4-57511e293e5e	_Art1_RTF	d5f8deae_f2b3_4251_859a_2eb89163f22d.BIN
3fa3af66-0f84-4d17-9bd9-0dfb518d3345	_Art1_RTF	69629547_32be_404b_abd9_9a9f51f2a227.BIN
419a06c5-d49f-4880-bea4-88e0739fcf1a	_Art1_RTF	32dc19c0_100f_4f5c_aa5d_6048833cd25f.BIN
8d73d1aa-3ee0-4806-8955-5ca4372f9d71	_Art1_RTF	aefe0902_503b_489d_9190_d1848376fb94.BIN
c0085292-8968-4892-af4f-2a5cdbc7e599	_Art1_RTF	31befdbe_a04f_4b7a_9cad_414cab957861.BIN
cdcf3987-6fae-4219-aee1-4e6466b21ba8	_Art1_RTF	07ede57b_3eee_45cd_8e35_f7960747d703.BIN
47977680-252f-4c6f-88cb-1b6ddfd0250d	_Art1_RTF	f1f3e1b0_fa74_4532_9397_7f5f207cad81.BIN
038e0915-239c-4561-9647-252bb62b72c8	_Art1_RTF	6c1cca90_042e_4ef4_99e3_2cae4257f1f0.BIN
f3d59cd9-4824-4d4e-b867-014157a2ea43	_Art1_RTF	616af668_c085_4fb9_a228_0e6ccdf2e8f5.BIN
baf06a39-3ea4-4c98-ba1e-dc492c6b1836	_Art1_RTF	9931961f_9367_406b_909d_84637f0301d0.BIN
92d801ac-be30-4a2f-86be-7a67ec270318	_Art1_RTF	dbcbcd3c_41dd_4530_978f_b9203d73e2c9.BIN
2ab7266d-c304-4ba8-8c2d-a8c75794dd12	_Art1_RTF	b622a1ec_a25a_404f_a54b_77bf02b13f62.BIN
2e9a48f0-cb26-427d-9443-0ab1181c11ac	_Art1_RTF	fcce0c21_8d91_4aec_804f_0271b9bd2b21.BIN
35b6d758-6575-4dae-b8b9-4660237e3bc1	_Art1_RTF	b6f64074_e5e8_4dd9_b945_5546f9d7dd53.BIN
fd7a0eff-a3c8-46d9-a93b-d0def6dbc9ed	_Art1_RTF	2d7e7796_9c75_4dfb_858a_2cbcf31cb291.BIN
f2411aae-8e68-4ee3-af6b-6f2134b744e6	_Art1_RTF	f6232b73_a477_4142_975c_0ed265b9a56a.BIN
3f895ff9-33af-47eb-81ab-eabc4cda3819	_Art1_RTF	80361faf_804c_4e20_8a27_0a4f276384aa.BIN
c2aaaf0e-3376-405d-83fc-1d7ffe93cd97	_Art1_RTF	45c72905_610c_4f2e_9d62_f2f91a9ac29c.BIN
552e7a52-c44b-4fe2-a6b3-1d94ed0c0be9	_Art1_RTF	4ab434b7_c1f5_4d7f_a146_0c2a4e1f62f1.BIN
7725b113-4b84-41a5-874d-b7dadaf4f92c	_Art1_RTF	1672148b_bcd1_4f6b_9a34_578f45647d1b.BIN
b89e50a2-35d1-4114-82cd-948abefa6089	_Art1_RTF	629d8f63_7f88_4dbd_a5d1_3f501a201c6e.BIN
8e5047bc-abf5-41fe-accd-b08517295b2e	_Art1_RTF	e924cbcf_0af3_41ab_a28a_76e7599c34db.BIN
6707650f-a5bf-4ee8-bf32-fb4f90c505d4	_Art1_RTF	29ff399d_f8bb_4d09_a223_4dcdade69cc3.BIN
087b36e8-113a-4012-b504-4c6205960791	_Art1_RTF	b4c1363e_23e0_459a_8d9e_6675e571c893.BIN
183107bf-b411-4664-92f7-d38014b9b487	_Art1_RTF	fccee19a_0f71_4c88_8a96_c510be971f0d.BIN
d1114d5f-b4ae-4971-bbe4-d92cc89535ff	_Art1_RTF	1d242882_33e7_4129_aff0_26606eca4f30.BIN
dbbc6965-ee38-48a2-958a-2744756bc707	_Art1_Icon	25e59889_21f1_4d5b_b508_f50a90bdcb58.BIN
95233d7a-8b6f-47fa-86b2-5fc1be2060a3	_Art1_RTF	ca085767_b74b_4329_b84e_8e0f1dbb4eb2.BIN
c53ea555-fa8b-4626-8b44-0a7a08978399	_Art1_RTF	35b729fb_2170_4bfa_932b_e8341106ff80.BIN
109d3c3d-daec-4b20-acfe-977fb0f2bfa7	_Art1_RTF	24c5fcce_2d83_4efc_8d43_2e5c1469db36.BIN
7b05e3b4-809b-48d4-bdf9-a77fe12c7bd9	_Art1_RTF	ed3de8cf_51b8_4519_a668_eae64ce26298.BIN
786c70bf-92a0-403d-8966-0b40bae07911	_Art1_RTF	f6902dd4_6685_44b8_979a_d69485c2ad58.BIN
cc2aa3e8-b8b4-4165-b00d-27948326a9b5	_Art1_RTF	5510ce8c_6562_47c3_bf15_8d9810f4e53c.BIN
0bc60dd1-3991-44cb-8772-50c973654667	_Art1_Icon	9e841cbc_20bb_4067_8bb7_27fb3bb0e8ea.BIN
e7dd07ef-e663-4e05-9f27-c6c2142428a2	_Art1_RTF	f1f962bd_fc20_47f7_8cf9_16fb87d94094.BIN
a87fc02f-8680-4f23-9189-c2bdd42ce2f1	_Art1_RTF	16a38901_0ebd_4246_b68e_c222a0cbd4e7.BIN
77b336a6-4607-4ac9-98f3-7aafc183c321	_Art1_WindowsMetaFile	f65f788b_ca42_41ae_a7e1_bb5c3f40e4e4.BIN
77b336a6-4607-4ac9-98f3-7aafc183c321	_Art1_Icon	9afa9627_9219_48cd_a4c2_4d8e37ca1a21.BIN
310e1812-47b9-4d01-93e1-d938be4bbdb8	_Art1_RTF	0db3f72b_99eb_4b8d_bb6e_706b67e3b207.BIN
0cfd0e53-ef75-4306-9677-426bc610359d	_Art1_RTF	b1af53f6_6686_49fd_b976_0c1771583e41.BIN
82fcd5e5-bab6-4a43-86b0-31a95fbaa0c4	_Art1_RTF	b90bba9e_31e1_468d_9163_e52006142f1e.BIN
e4b2b3eb-c097-4fc4-8a6a-f04af7f86857	_Art1_Icon	53156667_1209_44b8_a0cb_16aa0efdb72e.BIN
9cc5d653-2e0d-4d56-824f-7a1ae5ce51bc	_Art1_Icon	298e6ed4_489d_4420_a85f_7d73f72ad637.BIN
03926741-d7fd-473f-a3b5-dd1c826781b1	_Art1_RTF	8b313820_aa94_403b_bde5_02085290bd2d.BIN
0624cbce-d8f2-4349-a9a8-ac1e7dd04873	_Art1_RTF	8a115ec0_96f5_41f9_b364_8013a5c8b900.BIN
b7b3d892-65d3-4eb2-8485-b510b8fea794	_Art1_Icon	bb027765_aebc_4c80_b537_a60cbfa2bc39.BIN
329b2508-82d9-480c-8eb8-39ad64db6eca	_Art1_RTF	2fa582a5_8a56_454b_aef5_8b1729195368.BIN
c010872b-465b-4fe5-a540-f9a7214eaa15	_Art1_RTF	67807302_216d_42c9_a162_4b1e09776acb.BIN
79f4911d-4b97-44ac-a1b1-9c9f981f1fd1	_Art1_Icon	bda8a756_8a65_4e13_a3c9_2cf4e4599852.BIN
92e31264-83f7-4e32-96d1-05028088a2b8	_Art1_ScriptText	0d86bd33_1dd9_4f26_b8e8_840e5e6d8758.BIN
a01bf4d0-ab1b-4947-8c9b-223a9a64e936	_Art1_ScriptText	f8ee3c10_5b5f_4e35_991a_e375af49383c.BIN
f294f962-5f01-4489-899f-449b623e4a99	_Art1_ScriptText	1f66ddc2_2e4b_4c55_951f_4ad7927a9978.BIN
3f10ccf2-dde6-47e9-a9cc-28ea28c77ad3	_Art1_ScriptText	5b846301_e0cb_49bd_834f_600da901e4cc.BIN
0fb91d1e-2253-4dbe-b180-a77ad40cbe02	_Art1_ScriptText	d2684de4_6b70_4b26_9fbe_e6c5a2e7165b.BIN
c5becb5b-14d1-47df-9081-37a09bf7325a	_Art1_ScriptText	c0fa7956_1f6d_4243_a65e_de903e1d7f61.BIN
c5becb5b-14d1-47df-9081-37a09bf7325a	_Art1_Icon	a8daeebe_4502_4ea3_80fe_6bed5fb2b0af.BIN
5cbf2238-5def-4196-9080-a40c760a3ec7	_Art1_ScriptText	223b8a0e_899b_4f37_b9a3_7543bcf8bc31.BIN
5cbf2238-5def-4196-9080-a40c760a3ec7	_Art1_Icon	f36aa193_a6c2_495c_82c0_4e2d5ff9f18a.BIN
92488609-82bb-472f-9fef-a3a9e2749dc3	_Art1_ScriptText	b1772d41_3553_4976_91e4_ad300c3d6086.BIN
b0b8a4f3-ecae-4470-9db7-0badd1cd71e0	_Art1_ScriptText	e8c362ce_4329_4032_a7db_858458137fb3.BIN
b0b8a4f3-ecae-4470-9db7-0badd1cd71e0	_Art1_Icon	2e037873_0fe6_4f9b_a53d_916afd271d9c.BIN
e8650bde-27e9-4a99-83c5-bf3007f4761c	_Art1_ScriptText	f4bba331_477f_40a5_a5da_9fac03a99e82.BIN
e8650bde-27e9-4a99-83c5-bf3007f4761c	_Art1_Icon	8f73afda_e227_4358_b300_f92a7e8102c6.BIN
a78fccca-4a46-4194-999f-f7228fd2ac51	_Art1_ScriptText	c189e3da_3a65_49a8_8e02_d696c0e238cd.BIN
a78fccca-4a46-4194-999f-f7228fd2ac51	_Art1_Icon	a2e6de14_b426_438e_a485_cec0e434b71e.BIN
d372d931-7ccc-4769-b66f-544afe2ae324	_Art1_ScriptText	c59e6ad9_07ca_48be_93c9_1d592b599460.BIN
d372d931-7ccc-4769-b66f-544afe2ae324	_Art1_Icon	e095ff9a_cacc_42d5_bb7e_52523f023301.BIN
9d8a4077-27c6-424b-88f9-91ccaeb394d5	_Art1_ScriptText	02fe9654_7c6d_4356_9ea9_34e4bd20c70f.BIN
9d8a4077-27c6-424b-88f9-91ccaeb394d5	_Art1_Icon	cc89e59e_105a_4d0b_90f0_606388950410.BIN
e16377a9-f616-4663-984b-5ad503679efc	_Art1_ScriptText	168d8296_5337_4243_a7e2_917cf04278b4.BIN
2d29e9ec-2994-4484-b079-5a3c45ede83f	_Art1_ScriptText	9bb13702_2571_40b7_b4d9_2e7fd8fd69a1.BIN
61fedc92-b8e4-4129-8f97-680bc4ff880f	_Art1_ScriptText	8a51ed80_7d1f_4d34_a13c_da32e14c18b8.BIN
61fedc92-b8e4-4129-8f97-680bc4ff880f	_Art1_Icon	844a137f_faae_4227_9b3b_2db0165be32b.BIN
517904ea-b73b-44d6-861a-d1910d75d865	_Art1_ScriptText	6cd2fbb2_b323_4720_b71d_f9b25604562d.BIN
631e2162-49a4-446d-8822-d296e797cc2f	_Art1_ScriptText	f4a5d627_68ac_44c1_9903_5e35ac839bab.BIN
631e2162-49a4-446d-8822-d296e797cc2f	_Art1_Icon	c054cc1f_988c_45cf_8282_85c97e98207f.BIN
c910d274-f76f-4bcd-b1b3-9b60f8d941c4	_Art1_ScriptText	ddc4ece3_a1d3_4248_a66b_1277cf2c7c50.BIN
c910d274-f76f-4bcd-b1b3-9b60f8d941c4	_Art1_Icon	9d125476_ce19_46b6_a555_e38d5a7bdcf3.BIN
c4485e0e-1b42-48b9-86a9-86efa1c4394f	_Art1_ScriptText	ed0dfa55_e508_4184_b90a_e9506555a9d8.BIN
747eb5ae-6b08-477b-a6f7-639b2c2bf34f	_Art1_ScriptText	d1713ec5_9014_46c1_8aeb_c36281105c65.BIN
5bc032a0-b984-48ba-a6d4-1d3fe6cbb09b	_Art1_RTF	605e84f3_60ee_4aa5_87a1_62fbbdb59ffb.BIN
7c001975-8ce7-42da-9206-2a1afcbc4cf2	_Art1_RTF	d47cd93f_96d9_4e23_8c71_af1150958952.BIN
b1a38f94-f58f-4b4d-9ba6-720537b2a8d3	_Art1_RTF	729f1b2f_9d90_4f7e_a0ea_f3cf57df91af.BIN
54506b3a-c988-450a-be2c-1ec27b0cb4a3	_Art1_RTF	3d03a96b_ba80_4212_a3da_c4964cbf65b4.BIN
5f0342b1-59ad-44ec-92d0-0b36c6d1a598	_Art1_RTF	566c2261_5a14_4da9_924e_4470936a603c.BIN
913c295d-94c3-41ab-baee-5efb35032a81	_Art1_RTF	b9eeaaa7_5b75_45fa_9075_5e56777abce5.BIN
a5e7f551-977d-4e78-9af8-5ee212e7eb05	_Art1_RTF	921d4289_7415_4012_9684_1e4b00d4cd20.BIN
1f219453-92ab-46ae-8119-6536e8874dfa	_Art1_RTF	a5bb405d_28a8_4322_9b88_8ddb7d861e28.BIN
0b9610d2-2b0c-4c6f-9e31-74d1f3a12841	_Art1_RTF	439f1833_3479_4bc8_8827_59ae55976d2c.BIN
a3d82c93-af4f-4cec-bcc9-5f28f269d251	_Art1_RTF	b3efb579_4f6f_4a5f_9f66_d04ef79651c5.BIN
b29e8ecc-d913-4d8f-91cf-f8a1f36a1ce9	_Art1_RTF	81e70520_8fc3_4268_8c4d_b94abfc09a2c.BIN
784c9e1e-d03e-452b-aa11-ecfe0685ad7e	_Art1_RTF	aa875c87_2e3e_4784_ab1b_9dbd4f2938ea.BIN
23fa9f40-4bdc-4d1c-8071-62f357ef2c59	_Art1_RTF	2dfc8236_a0c9_4407_92cf_e64da19f6517.BIN
c8b8fdf8-7135-42fd-9746-70c495359d27	_Art1_RTF	bbec4570_309c_427a_9c7a_76a82ced8927.BIN
5cb1fa35-5517-4409-bbad-0dd3dd7f6c3a	_Art1_RTF	82e8b47e_71b5_4d07_899f_c9e0b829be2f.BIN
67bbdc38-ad90-4957-91f1-a84556d3065c	_Art1_RTF	86e61993_a054_46d3_bac7_63c70f009797.BIN
b2c027f6-611d-421b-9058-590bd032cbb1	_Art1_RTF	853e0188_ae2b_4fab_9dbb_48bad934c63e.BIN
384b6fc4-8ba2-4272-8607-f717ac8b0f5b	_Art1_RTF	66d332d5_c5a8_42de_af7f_462e71f4e34a.BIN
1ff94a49-3db4-44a5-a601-7af94b53bf96	_Art1_RTF	69d812cf_481f_4fcd_bd31_1c5f4f0779e8.BIN
7ef88e87-3ff4-468e-8109-a1999612d035	_Art1_Icon	d3057651_a29a_4026_8952_2d57f6cc2af8.BIN
6c4a2168-0846-4b56-ae74-146a17bd3268	_Art1_RTF	c51a5a0a_e81d_4cd3_8164_db25a67318de.BIN
b5793405-6bbe-420a-99e4-e1c55992bfac	_Art1_RTF	6813b62c_a7da_4326_b193_fecedbcfb367.BIN
57cdcd58-f85a-4c2e-980d-24235508b63a	_Art1_RTF	864ba60d_db5c_4528_a151_ddddca4f18a9.BIN
8a8aedbc-b6b7-4704-9e32-5c57fc444298	_Art1_Icon	b4677dd5_945e_4db2_887e_97fe76958c04.BIN
9b47fd56-a83d-4097-8827-87305fdad5bb	_Art1_RTF	42d64ef5_faa2_4285_9dc8_6c0261c9811c.BIN
9a7c4a89-4466-420c-bbf0-ed3cfb44a3b2	_Art1_RTF	37e8d918_4b4d_4be0_9e2f_a5ee795016ed.BIN
2cf447ca-2d4f-43c6-bedb-a42a9837532e	_Art1_RTF	fbbe7fcf_18f1_4dc7_8870_cc9c8f5b19bb.BIN
35972ff1-2091-4696-9d03-3027b9ed910a	_Art1_RTF	fc9f14bc_ae04_4bc8_bf02_3f962405511c.BIN
e19bce5c-db14-4755-abdb-e43289460194	_Art1_RTF	471c9a48_faff_4a23_9869_cb6ede7a3786.BIN
a5f601b0-d33d-42f4-af68-1f90f3d3a15b	_Art1_RTF	3f8d4267_d38e_4623_8a35_b4b6173721fe.BIN
c3541a1b-025d-4072-b8ab-1d9fa0f0e9a5	_Art1_RTF	78e976b8_8a4a_4275_82ab_1c3bd1c68a02.BIN
c2163ce7-5d1b-4c9f-9219-2ce946a21fc7	_Art1_RTF	2a12eac6_9a55_42e8_bca5_6fc5865359f6.BIN
de259b56-3608-45d8-a250-92ed1a61c5b1	_Art1_Icon	41097266_dc80_439b_a546_1d0f684433a2.BIN
5339ed09-9d81-49e4-b63a-485202a73265	_Art1_RTF	d2e76f08_7fc9_4747_b76d_bbf73c48a2ce.BIN
a15a423c-6aee-4564-a886-6af56bf5df0f	_Art1_RTF	11e61de9_c2dc_4779_9219_87a472b8f026.BIN
df2fa150-4c34-4a73-805d-52834522923e	_Art1_RTF	17e328b0_b07e_47ee_8e0d_c9ffd7d950df.BIN
f6e8aac8-6edf-4160-9931-b0d02d58bd71	_Art1_RTF	bbc841b4_b9e0_4c4b_b1d3_af8ebe889ecf.BIN
83432198-226c-4422-a78f-f829dd769bbb	_Art1_RTF	af3a544d_cb60_4159_970b_ae0eaf86e83f.BIN
1ce265a5-fda0-4661-adc5-b71f701365f6	_Art1_RTF	7c6815ae_32f2_4f89_b273_f1961614ef32.BIN
a1b1636c-7025-4966-9ac2-83ed4929a4e0	_Art1_RTF	53b4cf12_482c_4ad1_9b91_39b74dea303e.BIN
17bd7399-8996-4023-8089-32da5404e07e	_Art1_RTF	66c0b9b6_a958_49e1_9915_5fcf98c9d962.BIN
3baae140-0190-4df9-85f9-98e2edd49915	_Art1_RTF	9db28556_5f4a_4b89_be62_f8c7cd7535cf.BIN
8df54e48-44f8-4dbb-bf60-db4016907370	_Art1_ScriptText	9605d456_714e_4a25_9607_5e8d0af45bbb.BIN
8df54e48-44f8-4dbb-bf60-db4016907370	_Art1_Icon	ce5bd0f7_1d1f_402b_97eb_8c14055ef79e.BIN
6207768c-ffc9-4e72-981d-661b69444334	_Art1_ScriptText	e84827d6_8035_4f56_9ea0_7482dafb9def.BIN
6207768c-ffc9-4e72-981d-661b69444334	_Art1_Icon	20ea52af_a4fd_4453_8120_7d7b449a1fa3.BIN
5df848ad-6ef5-491b-949f-fa52fa3fa427	_Art1_ScriptText	1ed5832d_5050_4fd4_9b7a_7b809be5701e.BIN
5df848ad-6ef5-491b-949f-fa52fa3fa427	_Art1_Icon	22875043_4017_4efc_aa81_5348af5844dc.BIN
40eaba39-31ba-4db9-9b1e-65392af831db	_Art1_ScriptText	93eb1b00_f1a9_400e_a524_d5b61285df03.BIN
40eaba39-31ba-4db9-9b1e-65392af831db	_Art1_Icon	02093bd4_9481_4c6c_bd63_84ebd33c95a6.BIN
95e5c3bc-0036-4741-ab7e-706131baaaa4	_Art1_ScriptText	b6a6cd3e_051e_4a5f_bc95_d383eec0acb2.BIN
95e5c3bc-0036-4741-ab7e-706131baaaa4	_Art1_Icon	b094af6a_1ff0_4f04_95b7_7ae2ef8a20c8.BIN
b168895c-0363-4a11-9f55-88b3c693cf7b	_Art1_ScriptText	58751b94_d9e4_4cf6_b1f4_cfb36b4cbbeb.BIN
b168895c-0363-4a11-9f55-88b3c693cf7b	_Art1_Icon	b3a3559e_98ae_4456_ac46_7edfbb5c909f.BIN
72c60043-e1fc-4ecf-b462-fc22bff7f795	_Art1_ScriptText	eeb55ec9_4fac_4161_9f82_2a9c004ac981.BIN
72c60043-e1fc-4ecf-b462-fc22bff7f795	_Art1_Icon	1d55e757_e17e_4d63_aa37_e0da151d6361.BIN
f75e3ac7-859e-45c1-85af-168ab46b1f78	_Art1_ScriptText	a96ed6be_ef93_442a_955b_317d094dc0f4.BIN
f75e3ac7-859e-45c1-85af-168ab46b1f78	_Art1_Icon	a7ee07d6_c65c_4b28_b58a_55d1d0f81122.BIN
0f3e8b7c-5640-496e-bf28-b0c4a2c64a75	_Art1_RTF	b2f2ae51_9df8_49b1_a911_0ec6d6be5f1d.BIN
8fd37e5d-906c-4250-9dad-13caa1f38a0a	_Art1_RTF	b32202c9_4c14_4f35_bcce_6495a3746d61.BIN
709d319c-4562-459f-bbcd-0b3adf4fdf60	_Art1_RTF	66a4dc94_4680_428e_b495_9152a89748c1.BIN
8fb00128-0e45-4930-a8e0-9757d29b822c	_Art1_RTF	89773391_543b_4629_b198_d7c6bd4e8179.BIN
306c0c92-4c99-40c4-9d78-f8c890d7dcc0	_Art1_RTF	db372d13_c06d_4d2a_9b63_6a588c3c6759.BIN
940b561f-be24-4b96-b636-602d1cee4c4b	_Art1_RTF	224fa14c_2b11_43a8_8f28_6b043178ea9f.BIN
918a321c-57a0-4215-9f62-49d394a39bc4	_Art1_RTF	de56b087_4629_459c_bd05_89a82d20c0f9.BIN
2182437d-f793-476a-970b-0bbd7acbdff9	_Art1_RTF	eb558f3d_fdae_4e06_a408_ade08d77820b.BIN
670fe78c-57eb-4515-b3dc-dd729e1472e8	_Art1_RTF	3a92640d_4885_41b1_a9d6_ba0a3600583c.BIN
8ae772cf-e8d2-4ce9-8ba9-ea80db7a6945	_Art1_RTF	4a4ca4b8_af68_4ce4_8def_0dfc3f6a8887.BIN
cebef961-551a-4124-9923-3a50240b2b0a	_Art1_Icon	e72e17a1_2f24_4ffb_8e20_f92803a080f1.BIN
bbefe852-610b-4db1-8e80-e83c1e478892	_Art1_RTF	1db82911_f1d7_4d9c_9370_347c0118416c.BIN
63b468ae-9130-438e-b206-dcc8f2251021	_Art1_RTF	b0e26715_18da_4014_98ac_b506c7d2fd48.BIN
fa73de85-519b-4d66-95aa-981b13c49b21	_Art1_Icon	c55aa4e3_6507_449a_81bf_50cb9c3bf3e7.BIN
6557e742-c73c-4b25-a78d-3414336abbb3	_Art1_Icon	58a12a36_edac_4ce5_bb21_febcca84ca44.BIN
a58f9772-76cc-459e-98ca-e933526acaad	_Art1_Icon	c8fa7ea3_562b_4a87_9268_00697b421999.BIN
9f340a35-7b49-4646-a495-2214fb8c3565	_Art1_RTF	7b404912_56c3_46e2_b16a_276f0f7c20f4.BIN
c67bfb28-8733-4b5a-b4cf-4d68c33de590	_Art1_Icon	6c5b30bc_e431_4eb9_a82c_e90b48239f8e.BIN
23d44b5f-7bbb-449f-a6c5-d7edf469b55c	_Art1_RTF	aaed9c02_bcf6_4b0b_b450_7de18789c1ce.BIN
887828e0-8ecb-456f-9079-56e5351b8a5e	_Art1_Icon	e64bf850_f2b3_4a49_a98c_45b1b784195c.BIN
964668e8-f8e3-40cf-8dd5-1d51d7b03289	_Art1_Icon	d090895f_db66_46d4_8732_0cf2c33f25f4.BIN
abeaaf47-78fc-4e68-81fd-a4337a003092	_Art1_Icon	f77a64c8_1917_47f5_952d_f2e0ec605237.BIN
4ee2afa7-a7c9-4493-b0ae-e34dc912573b	_Art1_RTF	93ac395a_d0e5_4394_af44_6a2dfaa7d8f3.BIN
aaea513a-3d09-4fa2-81b7-acedcb58cf36	_Art1_Icon	25958ef8_d1aa_42f2_8cf0_ad159e456559.BIN
1265017f-6ebf-4132-91d8-0eeed6f4a5ad	_Art1_Icon	58d7865a_dcce_4dea_bf80_29cf05744370.BIN
943ffb7a-058e-4a47-b0b7-624a48e3ad17	_Art1_Icon	cdcbbbd5_1181_41b5_951b_ff2eff4b91f6.BIN
b8807ec5-99e8-42e3-acfe-99fde322e3d3	_Art1_RTF	6e2df651_202f_423d_8be7_7327e7138da5.BIN
e2954b2f-ff27-437b-95de-353d64c7bf62	_Art1_Icon	9a656a59_d725_449c_812e_5a70c20efe01.BIN
c8fbc5cf-c768-425e-b822-854ef7f96a68	_Art1_RTF	49d58f40_c805_46be_9f0e_1c07da04a14d.BIN
26ad4303-cee1-4b41-ba63-75a2975a73d9	_Art1_Icon	10b61088_7ca8_4389_a608_6ce5415bc775.BIN
b398f242-4430-40af-9ff9-c9bac7ce05da	_Art1_Icon	82d942d9_6859_4da6_947d_46e5b368e921.BIN
7bc42bc1-56ac-4e14-995c-f30ca41cab3e	_Art1_Icon	fae4556f_c91c_482e_b8bf_d38488757e7d.BIN
cf2fd525-79ad-46e6-ba28-6337cd07e4cd	_Art1_Icon	04b2ca17_3a9f_44bb_b9e5_1c3bdaadd813.BIN
1c1a631e-1060-4b5b-b627-5848cc96841e	_Art1_Icon	e46c93a1_e4b4_4af9_babe_d8c6405f2462.BIN
b08e7495-a30a-4e87-877f-90570c843700	_Art1_Icon	bed4eb55_4eff_455b_b4d4_a61205f5ba18.BIN
8f3dd2c5-dec5-47bf-9287-93f5df7b315d	_Art1_Icon	b6d453e2_954b_4cda_999f_d39aa6461e0c.BIN
c99c2c5a-2770-425e-ac1a-e013e65e9377	_Art1_RTF	f5541fe4_04cb_4703_943c_2055ef8cab60.BIN
f74442d5-002d-4b5a-869c-ace6fd514f20	_Art1_Icon	9652f811_10ff_4dfb_b663_4397092996ba.BIN
9b2ae45d-fec5-4f7b-900d-84b7c2ad7050	_Art1_ScriptText	8df64d55_a6a5_4c80_ae52_28b8cbfc9741.BIN
944ea2c5-9d8c-4279-9fe5-66f60841b21c	_Art1_ScriptText	00cc52a1_9773_45bb_af1c_3920cafe5ffc.BIN
1db8dbad-2b26-43e5-8871-82559fbd6f49	_Art1_ScriptText	c663a18a_92e6_4f2b_ae9f_c73c6a092d9f.BIN
ff0468d8-2684-449c-8ae7-07ab5eb6db21	_Art1_ScriptText	cfb54d89_6c7d_4ad1_b848_a4580f6387cb.BIN
e2f32855-92f6-4523-8431-f92b08a7d574	_Art1_ScriptText	784eb317_83f1_4fa8_976c_2eb324763b28.BIN
4182c81d-42f6-48fb-83bf-b00377266ac5	_Art1_ScriptText	42d76991_adfc_414e_9853_acb51428ba73.BIN
e571ac6a-456a-4386-9c8b-9e9ac05e705d	_Art1_ScriptText	fb2ad1d6_9fd2_43eb_bbd9_b61baefd099e.BIN
2e307bcf-ece1-44e9-ac2c-f254260ad0a6	_Art1_ScriptText	69f42e5b_5511_40fd_b134_a258e1de977c.BIN
cc7eac58-c3da-4a96-a0ed-409183accd60	_Art1_ScriptText	0e2e86f0_a5ba_4baa_bced_c58b829804bd.BIN
cc7eac58-c3da-4a96-a0ed-409183accd60	_Art1_Icon	ce2285d3_a3d6_4f56_8b19_7d2b669d0dd6.BIN
c1ece87e-a14b-48bb-a8eb-5ed14cef512a	_Art1_ScriptText	82d456e9_391d_4acb_ae00_790a3d57cab2.BIN
c1ece87e-a14b-48bb-a8eb-5ed14cef512a	_Art1_Icon	b7717c6f_6acf_461f_86ef_5ce2495a876e.BIN
ac0f3221-dfa0-4793-a3be-2d498e2c8c58	_Art1_ScriptText	d575a724_f607_4ae5_913f_7e9dbe6e950d.BIN
ac0f3221-dfa0-4793-a3be-2d498e2c8c58	_Art1_Icon	dc2364ab_9fe2_406a_b32b_4712a6f13292.BIN
b684bc90-d1bf-45eb-8239-26ff62a90653	_Art1_ScriptText	4e91384f_5506_441e_b508_47032953c417.BIN
b684bc90-d1bf-45eb-8239-26ff62a90653	_Art1_Icon	db8a5b38_0032_4173_af9a_09d4cdb86095.BIN
390aaca6-6571-4277-917d-73f85402f51d	_Art1_ScriptText	87a00c48_bbaa_4624_bf4c_4c807236e910.BIN
fa8c26a2-77a8-4ba9-a140-e1cf065d6902	_Art1_ScriptText	e400436c_3489_4ebd_af23_90e24932018e.BIN
fa8c26a2-77a8-4ba9-a140-e1cf065d6902	_Art1_Icon	9bb5c833_45ef_4f20_b2f5_16e51659ee99.BIN
9ba59caf-e727-4b40-a93c-cb6232d155f0	_Art1_ScriptText	c847a439_9d2d_41a8_a108_25cfd983c535.BIN
c12cd12b-8fa3-4b81-a1d9-bd2780dea7f9	_Art1_ScriptText	a4ce76ea_9660_4437_9ed9_7363eee46745.BIN
c12cd12b-8fa3-4b81-a1d9-bd2780dea7f9	_Art1_Icon	edcb2c36_fb5a_44c6_b8c5_1ef32b94b4e3.BIN
3ed92113-8e57-4653-890d-0a7fa18048bf	_Art1_ScriptText	27af64da_950d_4351_b980_4330fe9714c4.BIN
62d02b61-14e0-4979-8930-c874b00c4562	_Art1_ScriptText	4bfb6f06_6913_44ac_8b32_d881fba81969.BIN
62d02b61-14e0-4979-8930-c874b00c4562	_Art1_Icon	9bf0cf9c_ea9d_48fa_8f05_a69f5826fe09.BIN
711c56a7-1c00-4910-91f6-15df2b328630	_Art1_ScriptText	f427b766_a144_43ea_ad60_24aaa281bb34.BIN
711c56a7-1c00-4910-91f6-15df2b328630	_Art1_Icon	51adae3f_70e8_4502_99d2_f5a460ef5dfc.BIN
a586328e-6af4-4525-b7d2-39a37591076c	_Art1_ScriptText	04378e5a_6f36_4e0f_b2ff_29f0997d22b5.BIN
a586328e-6af4-4525-b7d2-39a37591076c	_Art1_Icon	fd4fcec1_4de3_4c9c_ad0b_9db93b3935a9.BIN
912af636-040c-4888-9656-6a38b173e326	_Art1_ScriptText	3b1c67b1_965f_44c7_8bf0_f21640b64d10.BIN
912af636-040c-4888-9656-6a38b173e326	_Art1_Icon	3fa48fd6_04d6_4347_b949_bd4e26b786f2.BIN
9721b71a-2584-4c56-89e9-b343fe8845a5	_Art1_ScriptText	673974cc_65c5_4f34_9011_9ef4bec084ba.BIN
9721b71a-2584-4c56-89e9-b343fe8845a5	_Art1_Icon	e9164802_c299_4425_aaca_dfa8067154aa.BIN
74ef8804-871b-4b4f-b9e3-2df0f5b52b01	_Art1_ScriptText	ca9e074e_a819_4f5c_8e9c_61e70bc0c8fd.BIN
74ef8804-871b-4b4f-b9e3-2df0f5b52b01	_Art1_Icon	505bd63f_91a4_4907_98bc_2ed5026a36d3.BIN
d034c0dc-bef9-4883-8559-1c54d07afb7d	_Art1_ScriptText	917f7c84_af0b_45db_a023_a4098bfeb8c4.BIN
7e39db14-3f2c-4cb0-b21f-1ff74517bcf1	_Art1_ScriptText	ad823c99_fb36_413e_857e_445dea06e2cb.BIN
7e39db14-3f2c-4cb0-b21f-1ff74517bcf1	_Art1_Icon	dbafee02_10f4_4591_b862_35a26ce3b844.BIN
9749ec55-152a-48a7-95a7-6ce1ddbc232f	_Art1_ScriptText	382ccf87_7700_498b_831d_d0e9f77ee416.BIN
9749ec55-152a-48a7-95a7-6ce1ddbc232f	_Art1_Icon	9a205a9f_9dde_491e_ac2a_10a3d0c6f0e8.BIN
1d00d139-1e94-4c46-ba4b-810bee7aa79e	_Art1_ScriptText	39cba0d6_3f98_45ab_b493_d3a037788785.BIN
1d00d139-1e94-4c46-ba4b-810bee7aa79e	_Art1_Icon	c6b53678_20f6_4fa2_ac27_7857ed06b74f.BIN
cf850a0a-84c3-431c-84ea-04a075b037cc	_Art1_ScriptText	551d7b9c_7f9f_4f22_9796_30ab36ef4f6d.BIN
ea3906a2-47a5-4aed-9f13-f4324df2844e	_Art1_ScriptText	a562549a_bd9c_4c3d_991a_eebe8d1e0631.BIN
ea3906a2-47a5-4aed-9f13-f4324df2844e	_Art1_Icon	c5697312_93d9_4d56_b5b5_f62855b064db.BIN
5773412d-07d4-482a-b68d-962b800c221b	_Art1_ScriptText	69ed1b89_9977_4aee_9957_ea946f6aa5ca.BIN
5773412d-07d4-482a-b68d-962b800c221b	_Art1_Icon	87c3bcd8_6d9f_4a25_a9e9_0736486491bb.BIN
91cfd578-4222-4433-9594-153ff25f8037	_Art1_ScriptText	a820a878_2954_488c_9d82_26f800db2f38.BIN
91cfd578-4222-4433-9594-153ff25f8037	_Art1_Icon	8ee75f4a_4089_460f_a324_6a0fb9dc56b7.BIN
e25aded8-d347-4ddd-baa2-45bd5c3a2e90	_Art1_ScriptText	8f530959_041c_40fd_ae59_d8947b724ee3.BIN
e25aded8-d347-4ddd-baa2-45bd5c3a2e90	_Art1_Icon	7fcfd425_5983_46a3_b499_a96456ab9608.BIN
e296c532-0e67-4744-a809-23d959fedcd5	_Art1_ScriptText	b762a1db_ffc2_41e5_932f_05035898a172.BIN
e296c532-0e67-4744-a809-23d959fedcd5	_Art1_Icon	acf52d7e_bab0_4b29_855c_95e5eb3dc00f.BIN
e8e10862-3497-4011-b995-8982b8db655b	_Art1_ScriptText	dd1252d1_40cd_4bc5_ba0d_c86b6beaca4d.BIN
510c1535-1d43-4878-b6cb-2222ca022ee4	_Art1_ScriptText	35f238c0_5644_4cdd_bd77_b0299e0183e6.BIN
510c1535-1d43-4878-b6cb-2222ca022ee4	_Art1_Icon	c51e2666_4d7b_41d2_8628_21aaad73d128.BIN
268c7122-8849-48b6-a967-eca6e8bb1da7	_Art1_ScriptText	edecc95e_358f_4b59_a60a_f45a7ba12cad.BIN
93d4f548-456e-4a29-97e3-27fd5e8e67c2	_Art1_ScriptText	7872e0b8_6bf5_456f_bc83_4d05c9c937f2.BIN
958a2cd5-85b7-42df-b592-e0a1cd085e4c	_Art1_ScriptText	ea593f43_cc33_4745_8c74_77f1bc7d9ea5.BIN
73359593-f2ad-4ce4-86b2-28ef74a5ae1d	_Art1_ScriptText	a9b3c41e_23e0_4d3a_9568_43b95d944930.BIN
8b2d12fa-848a-43a8-a829-d4ed103db377	_Art1_ScriptText	7fd7ca06_fa8f_4a37_a715_953b79d92ef4.BIN
dac57ae3-9fb1-48fa-8b5d-cab59219de12	_Art1_ScriptText	31ff2115_e788_453b_a5e3_c7fb321352e3.BIN
05ca0ea6-2b68-431b-8d51-9c77824932ec	_Art1_ScriptText	debf2608_6785_494c_8e95_0cf8bf2c5abb.BIN
15b08e47-b8a0-493f-adb6-372f60d17fcf	_Art1_ScriptText	020deaa0_f4ed_46a4_bd6f_1f29a8827d6b.BIN
f309ec97-1ea5-4cf1-ba36-2f045af241bb	_Art1_ScriptText	f9ce51f2_681b_4a9c_9523_a98b4f97f8e8.BIN
bbe3ba08-f116-4c9e-b3e9-9ee1adfc7eb7	_Art1_ScriptText	33d5c84f_2030_41b9_8993_cfc42084f70d.BIN
41fb15ef-9c1f-40ca-b8bf-892b3753dd65	_Art1_ScriptText	67b5e793_f531_4c70_9714_4ba4c1164f3e.BIN
4edc0588-5478-4c27-95ee-6b62998f0023	_Art1_ScriptText	e31821ba_e736_4933_968e_c64da9daf0be.BIN
95f9c6bc-1119-4bde-ae60-65af5edef4a4	_Art1_ScriptText	9a91161d_ea14_4865_b063_920343ae8ade.BIN
a3f3ffbc-e6b0-4868-a303-5dfb8eb34055	_Art1_ScriptText	ab226de4_31bc_4379_9df4_105585f088b7.BIN
a3294970-d5f2-47ad-ab86-2407d5027b2a	_Art1_ScriptText	06952db8_5385_4467_a98f_6e3382d66990.BIN
a3294970-d5f2-47ad-ab86-2407d5027b2a	_Art1_Icon	15786c85_5bc3_49be_b1b8_e829ca274ea4.BIN
8c516d0f-cb59-4372-a638-491819cdd706	_Art1_ScriptText	9559d33c_72fe_459a_8e99_ebfa491db958.BIN
8c516d0f-cb59-4372-a638-491819cdd706	_Art1_Icon	a67a9b6e_26fd_4848_affd_4bfbb1c4469f.BIN
e6751c60-2aa6-4b57-9ac4-e8f3da8f85e4	_Art1_ScriptText	bb1335d4_928c_4ab7_af98_094c499ddf6f.BIN
e6751c60-2aa6-4b57-9ac4-e8f3da8f85e4	_Art1_Icon	de178c19_0ff4_4ff8_8908_d6dd53bf5a31.BIN
684a73f7-7e25-4eb2-b0e2-cc5d8cc34531	_Art1_Icon	5c456731_e691_463d_add4_cdcd5e0ef43a.BIN
364994d4-2024-4e88-8018-49243595a06e	_Art1_ScriptText	1ece5d4e_c2cc_41a4_93e5_a2866ea28f46.BIN
bb32d9cc-18a9-4361-bdbe-7aafa71d532e	_Art1_ScriptText	7ec03a56_5f8c_47ca_b9ee_cc3ac2aaaec5.BIN
8fdfc1fe-757e-4aec-bab8-646584df01a9	_Art1_ScriptText	e0d26555_2e5e_4cfb_bff8_1525a28e81ed.BIN
8f496159-cc53-4881-ae84-0403c7ac03e5	_Art1_ScriptText	8ca92331_167a_4101_a2c4_297c5d86a8cb.BIN
08eefa3d-5cf1-4123-ac71-7e151d39a815	_Art1_ScriptText	56c2eef9_fcb9_4f86_8063_b895db58c6c1.BIN
f628011f-6358-4f06-bf2a-e1891da8e2be	_Art1_ScriptText	573a0198_e193_4c5a_ad47_58da065bd43d.BIN
eb7daca0-9345-4774-96e9-f3c450b3c474	_Art1_ScriptText	e107cdcd_c5d8_4861_8b0a_6c261813ad2b.BIN
eb7daca0-9345-4774-96e9-f3c450b3c474	_Art1_Icon	42c2b5df_4c46_44b8_9b43_77c9e55de26e.BIN
26a5c717-6875-4bd3-bdad-ebc3c92c4911	_Art1_ScriptText	60fd24b8_5f9c_4d34_b708_3dd9c2c520e9.BIN
26a5c717-6875-4bd3-bdad-ebc3c92c4911	_Art1_Icon	3037883c_0643_45ae_82e9_6cb0e67d27f0.BIN
41a0b7dd-c2eb-41d1-bb0e-2d3fc5484d6e	_Art1_ScriptText	bf1aef9d_ca5d_45e3_8bd8_b7e8ed88a670.BIN
41a0b7dd-c2eb-41d1-bb0e-2d3fc5484d6e	_Art1_Icon	415a1b99_6f66_4698_a30f_e7beff2e13a4.BIN
0027e34e-e042-41a4-a7ec-0cf56df12857	_Art1_ScriptText	5415172a_82c0_4f5b_936f_2e3c5b4fd158.BIN
0027e34e-e042-41a4-a7ec-0cf56df12857	_Art1_Icon	a9735406_531a_4344_8abe_06799deaa3ff.BIN
e065a3b6-6045-422f-aeee-6139983f76fc	_Art1_ScriptText	4dd23846_b32b_4000_9fd6_e4ce60eb2d2e.BIN
12e33014-bbdc-4812-974a-41d9ad595858	_Art1_ScriptText	fcc06732_acdb_4934_a1ac_608334d949ec.BIN
5931da2a-2b0b-4cf2-b738-f974901ec1b1	_Art1_ScriptText	5461c305_95a5_495d_94a7_ec38011abd27.BIN
57ab8a25-b3f1-4557-a6ec-9b03cc824df2	_Art1_ScriptText	a72e2667_5b47_4a79_ad1b_faeca8e89c56.BIN
57ab8a25-b3f1-4557-a6ec-9b03cc824df2	_Art1_Icon	de1c1298_75a0_4b7e_9a71_f4139915e056.BIN
e2888594-d45f-4f4d-b707-6c369fef612d	_Art1_ScriptText	4cddc220_43a3_4c94_8691_e7e9042c5e66.BIN
e2888594-d45f-4f4d-b707-6c369fef612d	_Art1_Icon	9dc769e4_4238_4ec8_adc2_cc2de42c8472.BIN
06a0afdd-4ec3-4d6a-b9a7-1818fb73edca	_Art1_ScriptText	ac9cd572_1f0f_4eb5_a78a_ce4947070410.BIN
06a0afdd-4ec3-4d6a-b9a7-1818fb73edca	_Art1_Icon	fb05c2c0_a245_47de_8cba_483b6eeedc7f.BIN
7507f58c-9fc4-4728-95d1-01330a0f867d	_Art1_ScriptText	73f058d5_64b9_444e_865b_3c17cbd1010b.BIN
7507f58c-9fc4-4728-95d1-01330a0f867d	_Art1_Icon	c3f8c5c3_50ad_45e0_8cc3_af1f08e81243.BIN
b05bcc02-938c-46da-a5a9-f6c5ec64f72d	_Art1_ScriptText	7772ee97_7195_46a3_b6cd_b74df2064394.BIN
b05bcc02-938c-46da-a5a9-f6c5ec64f72d	_Art1_Icon	cf1fb926_5174_4ba8_84ee_4330fa3d1912.BIN
0c13dfa3-0da5-4c68-ad68-615fbdbd3594	_Art1_ScriptText	c28f55ea_d02a_4a4e_aeca_dabca2991515.BIN
0c13dfa3-0da5-4c68-ad68-615fbdbd3594	_Art1_Icon	e12380fe_8c39_441f_96c5_8636534dcf2a.BIN
3e6a2280-d670-4f6d-94a0-d2a1a46ee33d	_Art1_ScriptText	1a125e6d_eab2_435b_8bff_bfb8ec4fbf83.BIN
3e6a2280-d670-4f6d-94a0-d2a1a46ee33d	_Art1_Icon	2d26be70_83a3_4910_902a_6a627edc1b1a.BIN
208dc73a-19db-4585-917a-dc063a104b0d	_Art1_ScriptText	629ce749_73d4_4a05_b3a6_5ce4d1168a59.BIN
208dc73a-19db-4585-917a-dc063a104b0d	_Art1_Icon	a8d58752_1e0a_4356_825e_656e52e2c7dc.BIN
a5e2a879-1c78-43b4-8948-170cd74bf71d	_Art1_ScriptText	9afee28d_878c_4491_94ad_3a707bcce2d6.BIN
e7bce312-37d5-4e6e-b3c2-d2be638eab3e	_Art1_ScriptText	b65cbb80_555e_40f3_972d_2dc48b5ed442.BIN
993c8108-a1fb-4666-8ce3-417128bd5b42	_Art1_ScriptText	e0d2e159_bcd4_4d5a_b80f_3eab23985e80.BIN
24808f68-9ec0-4650-b399-f7eac429dbfa	_Art1_ScriptText	0a3f41f3_2d20_4531_a60a_9348b2c75b8b.BIN
14120c06-80e8-418f-8afb-72768992b98c	_Art1_ScriptText	2e49f82a_0310_48e5_9d0d_7cb511e32932.BIN
14120c06-80e8-418f-8afb-72768992b98c	_Art1_Icon	88ac2067_7b08_409e_9bea_9f16372fda69.BIN
55519b56-5c9d-42b7-84eb-1991aa6f9f17	_Art1_Icon	a7261351_374e_4b34_8adb_2dd3b6a49d35.BIN
5df5f1c6-67bf-4520-8e58-218bbb8c5a51	_Art1_Icon	b89c244e_5e59_4d6a_bdd1_675e92d9422f.BIN
c82b81ae-3924-438a-99d0-5fca2256c900	_Art1_Icon	23388a92_90b9_4e0b_bc3c_a34957f75449.BIN
cd1f3a97-1c18-4fd6-84f6-9ccab013940b	_Art1_Icon	18301bb4_e289_4682_8e92_1d687fe151dc.BIN
24cadd5f-4015-4762-96d7-6b1e2a2894e1	_Art1_ScriptText	1be0ec11_42d1_412b_8a92_2d5041304534.BIN
0d8c89e2-0415-47c0-aba4-2a150ac0213e	_Art1_WindowsMetaFile	4cbb35d5_bb3c_44e7_b89c_bff392a730d6.BIN
0d8c89e2-0415-47c0-aba4-2a150ac0213e	_Art1_Icon	b8b83456_889f_4af1_88b5_aca579af56b9.BIN
a4513e14-cbc5-48f1-ae81-705b23482f32	_Art1_Icon	37a9f3fe_39dc_4b4a_8181_8a46755b5f47.BIN
e406b475-eb51-4501-9b2a-fd3ea69dfa92	_Art1_ScriptText	48f524be_8831_452c_ada0_dbb8b2e8f749.BIN
6a12f966-d5a2-40af-8784-375c07e6148e	_Art1_ScriptText	5933eb2d_57a7_4283_b47e_94768500469b.BIN
f2b4188d-a5be-4d13-b448-8fa195ba6999	_Art1_ScriptText	c1e5aa0d_43af_4921_b391_4e03186fed92.BIN
2bee9a9b-23e1-4979-bb2d-5a4562cc935e	_Art1_ScriptText	d2322104_d447_4d5b_9ea2_4bd4ce652c34.BIN
3b20132a-ebe6-4131-90ea-c76de0447baa	_Art1_ScriptText	26a99aa1_5a88_4d7b_89d3_51ad57d1edb0.BIN
649933ac-fb76-4490-9b46-ff7962b2b99d	_Art1_ScriptText	069dba16_5ce7_498f_8f10_2b1dd145a400.BIN
649933ac-fb76-4490-9b46-ff7962b2b99d	_Art1_Icon	a34b9f9c_13bd_43a3_9529_479d9c69bb63.BIN
eea6d608-4ca4-490c-a739-3e2ccfb7df6d	_Art1_ScriptText	8a247b5c_2195_4701_a249_6cdffe8fdc6e.BIN
eea6d608-4ca4-490c-a739-3e2ccfb7df6d	_Art1_Icon	3acb85d1_8a59_49f0_a99f_b21b8f3fa583.BIN
ccb6133c-4147-4bb0-9deb-ed764377a7a9	_Art1_ScriptText	82ae4cd4_5b6d_44fe_861d_c23b4650f85f.BIN
ccb6133c-4147-4bb0-9deb-ed764377a7a9	_Art1_Icon	9f37c78a_fb95_4692_a320_07a50967748a.BIN
bd950f20-6568-46af-8b09-adac570d2da7	_Art1_ScriptText	4f56da45_8d24_4104_8c93_c686d05ed5a5.BIN
bd950f20-6568-46af-8b09-adac570d2da7	_Art1_Icon	be0a8d99_25e4_4e26_a18f_d4e0c988af12.BIN
5b526590-4ad5-417c-b3af-39e97024a657	_Art1_ScriptText	1de09fd8_5c9e_4cdf_ba61_3739fe2acef7.BIN
5b526590-4ad5-417c-b3af-39e97024a657	_Art1_Icon	523dbe0e_6ece_485b_891f_d14533880022.BIN
2cf1fbc1-ce25-43ef-99b5-48f35ed80b31	_Art1_Icon	feffcca5_5d78_4bf7_8d1b_a60d446c4af5.BIN
eb7b3a20-bb5f-421f-b628-deb818c819ec	_Art1_Icon	5cc41e25_1cd8_487f_a64b_330ab7e57919.BIN
efbd171e-51d1-43f6-bde3-82f0743ab576	_Art1_Icon	85c9c85b_1ad0_4aee_adf2_44b37f40f5f7.BIN
7e266a53-b335-4f83-9765-dd0d9a999fb6	_Art1_RTF	f8a26e2f_9368_495c_a5cc_e867e348a6ff.BIN
e8cb6472-bea7-437f-b3a7-cb876b5f7595	_Art1_Icon	e83bb539_e0e3_4b8c_b09a_d05923547243.BIN
acc05e1b-70bc-463c-989c-ca466aa3c8fe	_Art1_RTF	16c144be_9356_4bd6_a671_8ab45862f5a5.BIN
d0734a2d-9e0c-4452-a93f-cd370c41caac	_Art1_Icon	113046a7_8379_497d_9b8b_299322b79738.BIN
4f7b71a4-0ea8-4392-a946-ca33da898080	_Art1_RTF	959c6019_ec7f_4691_80c5_47af9fc91491.BIN
8e844372-3941-4e84-9f55-37c2caed992b	_Art1_Icon	3abbf5b2_0456_4653_9fb8_377cb5e8bd51.BIN
a134b0e0-e19b-47fd-8199-f1ddf803004c	_Art1_Icon	f6bf16c6_168c_42b5_ba34_f1a3787e30fd.BIN
043641d8-c482-4904-a9a7-be9371da97ad	_Art1_Icon	186ee6e4_477f_469f_91ee_7a5d901ca0d3.BIN
471c2f23-f0bb-4756-bdf4-dcf4ebd8c2b3	_Art1_Icon	519707a8_a476_49c6_b1b8_70f7b694af2b.BIN
42098982-d47c-498b-a387-c3ebd8a5322f	_Art1_Icon	16458feb_aba1_4e0a_94da_bdba2f62fdc1.BIN
7383b8d7-7d4b-4c85-8c14-e61a0fed6a84	_Art1_Icon	eb06a9a8_a15f_4a24_800b_aae406ec4ff0.BIN
62bf5e87-8e2d-460d-aba4-a79a4c8b5014	_Art1_RTF	8d661056_0a46_4c7d_af4b_237d0b74cdfa.BIN
304c6eeb-b9df-4359-8711-8088aefd74cd	_Art1_Icon	7b8f3e70_5e06_4567_8876_097dd1c25601.BIN
dea7c2d1-c418-4773-adac-9147c1f3e863	_Art1_Icon	c661c7bb_07b6_4bdb_8edc_6526f02217cd.BIN
b4ffe7ec-2c87-4510-b43b-bb369efc3fef	_Art1_Icon	a1c0259e_0566_46e1_859f_125f42bac7db.BIN
ea4118ba-2a86-49cc-a6f7-aac67d7ca95a	_Art1_Icon	5beca4c6_6ed2_4ac6_a5ef_34bf7a4603bc.BIN
f04e2aee-a791-46e2-a0cc-8443499e257e	_Art1_Icon	c05ebb47_5115_4fa0_a306_ecced3d53a28.BIN
8483b06c-f482-4621-a958-7c22376763a5	_Art1_Icon	7bf10cc7_7a88_4494_be18_2f794f090764.BIN
72d64562-c9cc-4a01-9ce0-9729a6cfdc61	_Art1_Icon	f7646fd4_7ab7_41a1_acc0_8277973687b3.BIN
25f99580-5caf-46fe-9804-e37c72d3255b	_Art1_Icon	f99946a0_8ade_407f_bd93_2737a6af7dac.BIN
3d361545-18c4-4d17-85f5-e7689daba749	_Art1_Icon	f4d06bfa_5eef_4b4b_940e_21fdc85224b4.BIN
4390b8ae-efac-4ee2-91bf-bd352a0b2471	_Art1_Icon	e28abd63_0ab7_4921_aed9_ce65b6dcc972.BIN
18a3fe73-1b40-44b9-8d81-0a783e12617d	_Art1_RTF	96f5f856_ea4a_4f5c_8fd0_b0240a563f6f.BIN
27a9df2d-3973-48d9-9678-e73624a3f12a	_Art1_Icon	53895b54_bf86_4fc4_ba87_2666b41314a1.BIN
c08f23fa-eb9c-4e8f-bcb9-ae8c44353598	_Art1_Icon	d2d72b2f_9079_43b3_98eb_fd06da3fe55d.BIN
a8042ec2-1ed9-44f2-931d-205553d90d2b	_Art1_ScriptText	bda10302_8c40_4ac4_a096_bfd23754dba3.BIN
f758698e-7a1c-42c0-9f43-76ad42bcd622	_Art1_ScriptText	cc7ab1b8_95b0_4a4e_a5a5_d1dd8966b49e.BIN
b14c95db-c556-48f3-9c76-8bccac7a6358	_Art1_ScriptText	83448927_6cd8_4c9d_97a9_5f1410986e2a.BIN
2bd5f830-8704-4022-baac-db416f528ce9	_Art1_ScriptText	d49d948f_632c_45b4_b0dd_96a4b8396781.BIN
59c67267-71ef-438d-a749-d858ea334204	_Art1_ScriptText	7c5cf910_dcb8_48f2_a6d7_c759941e3b4d.BIN
ad327ab4-771c-4b70-b74c-24b44e3335f8	_Art1_ScriptText	08ae5909_6a4f_435a_9280_d830e613cdb9.BIN
ad327ab4-771c-4b70-b74c-24b44e3335f8	_Art1_Icon	c20f19fa_92e5_49d9_b4f4_d31da5fd8cbd.BIN
b1176665-33a4-4f89-bc8f-9f615b454a26	_Art1_Icon	3038d578_e99d_41b2_8ffc_eccd9155d2ce.BIN
70beb8c9-2c6a-4fbc-92c8-0ea14db92e6d	_Art1_RTF	f4cc5ccd_d864_4d03_ace7_0d61989eba5a.BIN
024433d8-85f0-4ecd-875e-8149414aa343	_Art1_Icon	950062c1_f55b_473c_8524_82095f1f2b7e.BIN
fb1da56a-273e-4332-9ff5-f58e232b0106	_Art1_RTF	bb6733be_1fac_434c_8caf_7599ab339629.BIN
17d6e280-9568-455d-a88f-ebf07f749932	_Art1_Icon	024585e1_282b_4f7b_8ddf_05bfde7d905c.BIN
8bdc44d1-7340-48d9-9c99-5d11d15f9280	_Art1_ScriptText	44b7439e_2a72_49bd_b919_718b404fca42.BIN
8c781cf6-bde4-47bb-9150-b06d93dec035	_Art1_RTF	cf39443d_6839_49be_8aca_2b08ef4f9fef.BIN
bc68ef8d-e81e-40df-9796-2ea277f41ee7	_Art1_Icon	1dc08299_1b6d_401c_a57f_4fafa7049f55.BIN
bf7a2f37-5da3-47c3-ae9f-a2c6a25d3e31	_ArtX_PROFILEHELPERASSEMBLYFILE	8a6a3621_3870_4e3e_acdd_4de7053f8a36.BIN
bf7a2f37-5da3-47c3-ae9f-a2c6a25d3e31	_ArtX_PROFILEHELPERHELPFILE	3e979f84_efe0_475d_a786_334a01296257.BIN
bf7a2f37-5da3-47c3-ae9f-a2c6a25d3e31	_ArtX_PROFILEHELPERHELPTOPICPREFIX	1c79c18d_d0cd_4e18_8fac_c9bb19d61605.BIN
e091e796-bec1-4ffa-8f9d-165acc57f124	_Art1_Icon	6deefd46_27a6_482c_8958_1eeebd8f3545.BIN
b33dd2ed-365d-476a-93af-1ae7dd95327c	_Art1_RTF	fb834228_6ccf_439f_8134_63f89d902a38.BIN
83401265-641f-4c79-a0cf-2c5a25e516e2	_Art1_RTF	5dce3fd4_833b_4e50_a282_08d26d799b07.BIN
323c8201-e478-4a82-b959-562f0c2043b9	_Art1_Icon	9b248b3d_5c00_4297_8241_f12c9be72455.BIN
aa3b95da-a228-460a-90ff-cc2cd353c3fe	_Art1_RTF	a0a92d73_bc22_4ad2_a20f_05a683a07dfb.BIN
87096dd9-30bf-48f2-8ad4-217a0aad6ba6	_Art1_Icon	c6538dae_6d3c_40e6_98a6_26d52fcd9b04.BIN
bb76f591-3b07-4a06-8282-20400ffdc5f7	_Art1_RTF	a1554ec0_2584_45bb_b566_8021d8adf190.BIN
ceff3462-8555-4598-9aa6-fd6e8df78725	_Art1_RTF	0db43df6_3995_4824_9c8c_e02e2344a339.BIN
01c90416-3d75-4cd4-a675-c44b2f85a339	_Art1_Icon	528f1b25_ff1d_4162_9bf1_ed4908a3b6df.BIN
31f99938-4645-4d69-bb95-b01a59d6597c	_Art1_RTF	d2d2a3b8_285e_4a60_bde2_df7a2d46ae94.BIN
943ce03a-b899-4466-a2e2-b0873a792104	_Art1_RTF	bdf3c677_0fd5_426c_9a94_b2cddcb2bc44.BIN
d9eb4e88-736d-479b-9e97-ebe05cc913e4	_Art1_Icon	89f8cc4f_e6d0_475a_9b6b_73251fc98eec.BIN
0529a073-d61c-4531-8ca1-efbde3ee262d	_Art1_RTF	2b03281d_3d77_4efb_bcef_36ec61c8c1f8.BIN
4203a43c-ea3f-4a2b-bee7-2f468a267d90	_Art1_RTF	3b2bb91a_ac18_4819_99d2_b631519e4c35.BIN
4c1412ff-5d60-4b99-baca-6a8f322bb10a	_Art1_Icon	0bcaac77_5a0a_4f42_b915_5fc2b7f0f901.BIN
4b8cfffe-808a-4803-86bb-8edd6c8e3af4	_Art1_RTF	a8cdeef0_b277_420f_8844_9d6776d2241a.BIN
4d24c052-15ae-44b5-ab93-576c1c4acd5a	_Art1_RTF	49c036a0_bc32_4af3_8515_21ed194fa4f0.BIN
33856354-35dc-4111-8194-ceed71793b5a	_Art1_Icon	b8e6240c_0742_47d1_afe4_68841865c197.BIN
d152d923-61e1-4270-9444-703d4eda8c38	_Art1_RTF	649be1a2_c340_4899_8b39_76b84db78ac8.BIN
2b15b8ba-8935-4aa1-b014-465a1afd9a79	_Art1_Icon	32cc5c89_7b6c_4d6b_bc5d_62a8e4a5049b.BIN
37f31635-c9c9-4c24-b2b4-444afea3c67b	_Art1_Icon	78bc7b42_984b_434a_a76e_c006c8a9b574.BIN
cba00866-7824-4dd2-9fb7-2167ed98bafe	_Art1_RTF	bf5e12c2_8758_4b02_af24_5814eb417376.BIN
e81b19fa-c0f7-4bdb-9a53-d2ac3bbfa716	_Art1_RTF	f9f51164_bb94_44a7_b84b_2ba01564faba.BIN
b19622a5-c775-417f-a35a-f67912c1a7a4	_Art1_ScriptText	4578c6cb_cba9_4b43_8b6c_009f92b017e0.BIN
1075eaba-f85e-4f5a-9284-87be3125a310	_Art1_ScriptText	9d4d833c_11ef_4445_89fe_37aa4063247c.BIN
37b74319-0df7-4459-af54-fa6128ccb5ca	_Art1_RTF	fbbcdc2a_1c5f_45b5_89fc_425c4a586a34.BIN
faf8c3d7-f567-4d47-9593-5217bbdb730d	_Art1_RTF	4039337b_d940_40eb_9930_915bd963fbe9.BIN
04a519f9-5d5a-4087-b7a0-d9c6f70a5b68	_Art1_ScriptText	6da4697d_d8ae_4ca1_9386_30de1bb02781.BIN
f721896f-d067-46ff-b4d6-c9bb94693b48	_Art1_ScriptText	8bb43246_1b52_4947_af9a_0cbdae8e7cd0.BIN
ae4d67f2-c378-465a-9f33-5fb0169c31e6	_Art1_ScriptText	235b677d_df45_4830_81e5_364610fdc03f.BIN
5cd6ff46-dcb7-4ad6-9ab7-df7f364b65a8	_Art1_ScriptText	0aa71adc_dd53_47a7_9af9_de1ec86fb0da.BIN
a89a4c4c-c731-4221-bfca-36084e4f031e	_Art1_ScriptText	03c4a3f7_05e4_4db0_bd77_530c0d3e8d20.BIN
1e060f43-e692-4442-b30b-d7b80d76115c	_Art1_ScriptText	6397478c_6594_4942_8192_c5555aaf0067.BIN
21205be8-13fd-4eec-bd75-290062dd0e55	_Art1_ScriptText	242da187_ae74_480b_98f2_1621ea1e1d18.BIN
deecbba7-ae7c-48c2-a70d-4e10e33cdf40	_Art1_WindowsMetaFile	c7e78490_6604_4784_b073_aa81d94ca71f.BIN
8795b812-1971-4c1c-b337-66d6a49050be	_Art1_RTF	3d5ed744_e91d_4607_afb8_87725622eb75.BIN
e9b24df4-3da8-49ed-997a-f73a660e4676	_Art1_WindowsMetaFile	7efe8c5c_8cd9_4e9b_aaf0_2e782356b6d7.BIN
4c86eae2-8545-471f-8756-ca15e5363b6a	_Art1_RTF	f84be064_0a60_4668_b26d_b07a5a815e07.BIN
63898413-193a-4d4a-bf85-595d61b03309	_Art1_ScriptText	1fb43211_0b02_49b4_85a7_4d115b453258.BIN
876d6b9a-9570-4d3c-9444-93bb5cfa4a03	_Art1_ScriptText	b35f0dbd_d45b_4a53_8bd1_b86327c1577f.BIN
4890d9cd-1cb2-4d89-97c7-60aacb327293	_Art1_ScriptText	f753a1fb_9ca7_40bb_bc6c_1c59cb20493c.BIN
195a2593-10ea-4f7b-846b-37c398d65ea5	_Art1_RTF	d894be30_ea41_4f05_ba20_42b8f857b807.BIN
c77f1b60-a5e0-4e66-bbe8-54fdc664f0b1	_Art1_RTF	a926dcd8_d836_4462_9104_067031d93c0b.BIN
c603511f-1e3b-41fc-a80a-05e349230b72	_Art1_RTF	47ad8c33_f95b_4e2b_b510_79da22b0e6cd.BIN
d9813397-59f2-4cc5-9b6b-b170eaf3fbf2	_Art1_RTF	fab71949_ce40_4ffd_ae95_9270df0781c2.BIN
501680dc-f28d-42f6-8283-0853a5029281	_Art1_RTF	a5a6e866_b17a_4f29_9283_7101d4dc73f2.BIN
f520fe72-9aab-479d-b9aa-9fd15fb25755	_Art1_ScriptText	19c84b19_f503_4c9b_af6a_24b53106ccdf.BIN
6eb5032c-c2fb-4202-ae63-f36edcc13779	_Art1_RTF	1b9efc81_eb53_4cd2_a1e4_e0c6ef17613a.BIN
ee863ee0-23ea-4bc9-bce9-13bb80930bf0	_Art1_ScriptText	cc937282_4ab3_4fe3_b183_fb5f55f39d25.BIN
b24bd0a3-4900-4a39-90aa-8678d6fae592	_Art1_ScriptText	94e6c6ca_4a80_4729_9845_92dad3e57158.BIN
050d956a-337b-4e8a-bea7-72847d4b441e	_Art1_ScriptText	ce46ffef_76c7_4ec1_aefd_89d2f12fedfd.BIN
ac2b4462-b5a2-4922-9a73-c1eb3069abe1	_Art1_RTF	f6e5f49c_605c_41f9_9f81_00dfe88c1219.BIN
ff3a55c4-c189-4d81-9d18-7b9799c3c23b	_Art1_ScriptText	d43c85f3_e1ea_4b60_a3c8_0ead61e90d33.BIN
6703b9c2-7fe4-44bc-ab6a-c8eaa1a74bab	_Art1_ScriptText	721da547_1dc3_4d91_b35c_c851f21c8448.BIN
6769b8a0-80f0-40d8-9327-a4ef52df52c1	_Art1_ScriptText	7d6d1b48_188b_453c_8ae0_21a620da1831.BIN
bc938282-fa26-47b0-a436-2d78e0f723e2	_Art1_ScriptText	25aa69d6_4361_4fbd_bc74_d5b075a3a523.BIN
19a89de9-553e-4d38-a072-fee4131a0de4	_Art1_RTF	aad24d27_b644_45e8_a105_ab112c81e965.BIN
eecb2494-8eb9-4387-8da5-6e5d5b640513	_Art1_ScriptText	bebc342c_5e59_4ab2_8e9c_5478bb109ac0.BIN
a39e7821-3239-4d5c-977e-6db727f4692f	_Art1_ScriptText	d6cce803_0fbb_493f_a7f3_2e6c6c451597.BIN
f6da4453-6119-40f2-8b99-597aee167d84	_Art1_ScriptText	9c556385_78fa_4e67_b716_6ab6933c270e.BIN
f6da4453-6119-40f2-8b99-597aee167d84	_Art1_Icon	2293bba3_29ff_49cd_bad9_f210c569c41f.BIN
b4d311ba-5d96-40f4-890a-c8cf40007f33	_Art1_ScriptText	2e5b8e71_e919_45fd_bc97_1e595f374d7a.BIN
b4d311ba-5d96-40f4-890a-c8cf40007f33	_Art1_Icon	7b684c52_44d4_49e9_a184_5c054d14e3aa.BIN
90c7042d-df14-4c50-a7e3-04adb986447a	_Art1_ScriptText	8bea633d_8e2b_4596_a38d_c2b3bdeebdf0.BIN
90c7042d-df14-4c50-a7e3-04adb986447a	_Art1_Icon	853ed250_0e79_4ed0_804f_e0d31dbe99c2.BIN
aad6532f-692b-4f27-b54d-98fda6ccfc26	_Art1_ScriptText	21efb10e_777c_43da_99f1_abd9880b36f4.BIN
aad6532f-692b-4f27-b54d-98fda6ccfc26	_Art1_Icon	de586612_36ce_458b_9b1f_067ae2d9e81c.BIN
9cd8d207-eaaa-419f-b49c-e5f5e7fe2a31	_Art1_ScriptText	f04f4e5e_f2fa_4794_8218_d60bc51929b1.BIN
9cd8d207-eaaa-419f-b49c-e5f5e7fe2a31	_Art1_Icon	941db2ca_cc95_4491_975d_3806242bf6f9.BIN
f57d7bc1-2dab-4037-9ea3-8c979fef88d5	_Art1_ScriptText	2f74c46b_7691_488e_b3a8_be64950b0e32.BIN
f57d7bc1-2dab-4037-9ea3-8c979fef88d5	_Art1_Icon	bc6d83cc_4c9e_4b6a_a52b_fb88cd0d27a6.BIN
ddddb547-085c-478b-9ca7-7595a8a0dd6e	_Art1_ScriptText	5483119c_6c1b_4815_ba69_e87c0c504012.BIN
ddddb547-085c-478b-9ca7-7595a8a0dd6e	_Art1_Icon	835f0e28_e860_495f_9a55_f3e4fa2fe5e1.BIN
5316228c-32df-458d-8303-7a6894839cb1	_Art1_ScriptText	dae02261_4e42_4600_9d39_52b369d19d93.BIN
6c86c0b0-2797-458a-8073-a207414b1982	_Art1_RTF	167a13d1_e0e1_47d4_8e0b_218a6c665c3d.BIN
1a0ae194-1608-4063-b34a-2a4113ca8a4a	_Art1_ScriptText	78a537b9_1230_4e94_8b03_dec46476f62d.BIN
600654c1-c90b-446d-a6ba-575c7f84e656	_Art1_RTF	fc8cb322_c3fc_489c_b59b_7792eec24543.BIN
1511d6ae-0da6-46ad-8f4f-8bd3cff906ac	_Art1_ScriptText	99598afd_fcda_4ba1_bd0c_8b958126dd3e.BIN
b08ab59c-007c-4fa3-b88d-448da0a75a8a	_Art1_ScriptText	13585a30_6e61_4e9a_9768_680aae4e7b11.BIN
fb21938d-c6c5-4f47-ac95-dc335991fe3e	_Art1_RTF	2a1d631e_4557_4bd6_b5e2_ad76a384859e.BIN
9b41f7b2-2f1e-44e6-8b30-26d9f4ee885f	_Art1_RTF	d11fff3f_9d60_422d_96a8_aaabcfed7123.BIN
c5fecb46-cec8-447b-b9f9-06d723c1f785	_Art1_ScriptText	f2d21210_d8d7_4b75_83b9_96bdbca44145.BIN
e54f0f91-6b49-4ce8-8d83-6d398a29b40e	_Art1_ScriptText	1be90fe1_e491_42a8_af04_8339646aed9c.BIN
ee77923a-d195-463e-bfbf-c22dc8a6565a	_Art1_RTF	49b4f3d7_32df_4f39_aca6_3e2e97dd61a0.BIN
c834527a-4ba1-4bc3-a335-3b8390c699e8	_Art1_ScriptText	a0bafe1d_2e35_432a_83c6_19f9aedaf53d.BIN
fb5c2971-830b-4e01-9fb5-1d935f658c18	_Art1_ScriptText	23a4f4cb_0769_4832_9983_87b4d88b0b8f.BIN
a39ebfc2-22d1-4c04-baee-a8928fb5829c	_Art1_ScriptText	b73ba9b6_6749_4880_b7d6_dd9893fe3c68.BIN
5f0893d7-4e35-4a0e-9dca-156c0915b27c	_Art1_ScriptText	f083fb09_4db7_43c4_a3c5_8d194464d5a2.BIN
4beedbe5-13b9-4200-bebb-55773bd03a0d	_Art1_RTF	4eea7998_bebc_4321_8220_1c5759408486.BIN
b5088c9a-6184-42af-90be-52a9010c640a	_Art1_ScriptText	ef0fe69a_412a_4822_a350_7a26b3c1bd14.BIN
d6fc82f7-3fde-42d3-8b36-1890559f3afa	_Art1_RTF	62e7fcc1_fbcd_47e7_8a1e_bd93179bc411.BIN
0eaaa7b1-4af2-4cd3-adfb-1e7b68c2b814	_Art1_RTF	5b2b6792_6d47_4d6b_9df2_f9a523937497.BIN
c73bd0ee-a83d-40d9-ba6b-36fd2d223497	_Art1_RTF	19b29e98_bed3_4836_b0b6_9ccc40dd72b6.BIN
812d2ba4-94fb-4e41-bee5-f87d5d3c89bb	_Art1_ScriptText	ff68f901_9336_4c32_9875_0b6e49c103cb.BIN
0ace9370-3514-493d-b2d0-7a028a889a30	_Art1_ScriptText	fb9c03cf_ffd8_46b3_b9b1_61f61e69cf10.BIN
ba5a2938-152e-419b-b405-87e0106474cb	_Art1_ScriptText	e4708239_4e81_4504_82ed_be193228ec4e.BIN
4057e6e1-42f7-42c0-b0a6-20e5ce065ea5	_Art1_ScriptText	a1df21bc_6cd9_461b_89b2_7f498252f272.BIN
05c1cb03-3147-481c-87cd-7689ff1093bc	_Art1_RTF	df4bf7a3_853e_4bed_a2b5_b089017d317d.BIN
69f70165-d067-4280-aa54-ad52ab43130d	_Art1_ScriptText	36456219_ae3a_460c_bce2_c97a366bf49f.BIN
02a0c615-a616-497c-8914-34a7b1785c77	_Art1_RTF	20d212cd_fa13_4721_984f_22de68b80fb4.BIN
a67b40a6-598b-470b-af42-a09e67e406fa	_Art1_RTF	c17bdf67_d579_4bf2_8d07_8a288670805e.BIN
6ed1595c-9e35-43c7-9f89-b1745d367b2d	_Art1_ScriptText	01f29f77_86cd_4a8a_9211_ec12c355786d.BIN
bf5816c1-6b38-4087-ac78-5ef4d5ef7fcc	_Art1_RTF	daadc6a3_cd37_4c50_9b7d_408aa5a8ea80.BIN
a1e4d6cc-e143-476b-93aa-295ae35ab868	_Art1_ScriptText	6b045540_0c68_464a_bc56_c4bc5c6f7ae5.BIN
02ba776f-459e-434a-8244-5c9558d91334	_Art1_RTF	6c1846b5_88d2_4376_bba3_2861ae9218d0.BIN
e0d3aca6-3919-4fe7-bb55-8ecb798e9c8a	_Art1_ScriptText	883db38a_62c1_4f30_b0a3_bb5274763e10.BIN
e6c60d55-97d7-4104-8ba3-7ff6e9d0acc5	_Art1_RTF	3f231963_4cc8_403a_84a3_55b9b6e3356b.BIN
38afc45e-2f29-42dd-9a7a-e2a0bbd22580	_Art1_ScriptText	731840c6_98ac_4148_b71a_5828e0b78d41.BIN
51b30f37-4257-4d59-89aa-5a7e0a928c15	_Art1_RTF	a6aab464_a7b4_4c41_b52d_38e1a1466660.BIN
c17d2e3e-5a3c-4663-9715-09fcfd7f126a	_Art1_ScriptText	b652f178_ee94_421f_bedb_ad899322a686.BIN
ea0c6ccb-2c06-4297-8c31-604896d03535	_Art1_ScriptText	c6e6f540_3437_4866_9f7d_9175d374c6c4.BIN
a6d5c528-ca17-48e4-8c03-b7db883f096d	_Art1_ScriptText	674fae79_1a08_4dee_8dde_0f9eb3bc6a6f.BIN
c4b70494-b4a9-47e9-877a-7032b1fa6893	_Art1_RTF	1e727cd1_799a_4de9_b958_cf5981bc3579.BIN
2f98359f-3326-41d9-8742-4fafeb4cd1bf	_Art1_ScriptText	4830b1eb_bf36_424e_8a03_016fff7ee9a2.BIN
95b36ff8-b2d7-4cfe-941c-109af25f5418	_Art1_ScriptText	57801de4_e8c0_436b_921b_9130c1bfd52d.BIN
af2ec0c1-113f-4972-9b3a-741c559a683e	_Art1_ScriptText	14f9a99f_0911_441f_ba45_583f5f073797.BIN
0a677a02-fe8a-47a4-b8ec-53738a459009	_Art1_ScriptText	69f9d8e4_770b_4e9a_ad50_b5fd14e62447.BIN
f32c68c6-38ad-4d17-b9ef-3aa2c07d07ff	_Art1_ScriptText	a5699db1_0892_40cb_9184_9277cfc58751.BIN
7993bf5f-b2ae-4690-bb41-fc95196b07f2	_Art1_ScriptText	62f13e1a_7ec5_4e49_b1a1_66e694e480a4.BIN
f6a50535-ecd9-4d0e-9731-e5eb8b637de5	_Art1_Icon	e12f1082_1a2f_426c_9d24_fd7bf5d77bb2.BIN
75bd1b8d-3d57-4ec2-98a8-d9a2803b672c	_Art1_ScriptText	c4e68c36_9e7f_48c0_a844_bd564c554a67.BIN
919d0cec-43b8-4a23-ba2e-f00a3ea3cddc	_Art1_ScriptText	ec3e01f9_e5e6_42f4_ad3d_aaca40baebb5.BIN
1dc5dfa8-ffa6-4c71-b7e7-3a36380f35a2	_Art1_ScriptText	922600a2_f395_4f46_844c_c53f84d3e944.BIN
47caee0c-96bf-4cc4-ba2a-d3b82082a25a	_Art1_ScriptText	e73cc23e_61e0_4b6a_8aa7_d4ea356a6d07.BIN
d0272b52-2955-40bd-a1f5-34115574562a	_Art1_ScriptText	0cf5acd1_3f3d_4990_9f91_1b1439549410.BIN
64f50ea2-4306-4e34-a1ee-a1d1b9b4cba0	_Art1_ScriptText	aa89b6e1_5d7b_451c_84c2_dc413d9a354c.BIN
ab491bce-44f6-4ba4-b88c-d6f559f2f714	_Art1_RTF	27c4f15e_c117_42fa_832e_30fcd51c50b3.BIN
10babbe9-8fae-43a2-a95b-521e836d94d5	_Art1_ScriptText	4668c6de_df76_4a33_b4f7_42e41c960259.BIN
f42a98bb-3610-43af-974a-f14c09fbafb7	_Art1_ScriptText	bac5e6f3_0b4f_4a8b_8011_ab4220187b6a.BIN
0485ba2c-3f9f-4839-93f4-a899346df101	_Art1_ScriptText	ee302cd2_b139_4250_8a28_d148664c225b.BIN
4f7ec50d-c3e4-44d8-9795-3421aff4faef	_Art1_RTF	55e87f42_f570_4f4c_90ad_60a94e1cc320.BIN
9592936f-57c6-45ff-9218-389aa1c3db38	_Art1_DefaultValue	38136551_9fa9_44b0_b467_d5a376b0ffcd.BIN
cbe8d7f6-e661-4199-bff1-b1a543e66f37	_Art1_DefaultValue	a1187852_6bd4_4529_bdd2_d3acd98fd9e6.BIN
1e580630-4eac-4c1c-bb12-e3232ea2beed	_Art1_DefaultValue	14879c4f_7bf3_404a_84aa_6ae20a5ef578.BIN
541bf5dd-605c-41d0-9127-6ebbb8ffb7b6	_Art1_DefaultValue	921f416b_d96f_48b1_96e0_572fd01afe5a.BIN
b02337f0-2cd3-4f0d-82ad-791f00cf7223	_ArtX_ISCONJUGATED	7b2d7ad0_7a49_43e8_9981_8b669365b801.BIN
b02337f0-2cd3-4f0d-82ad-791f00cf7223	_ArtX_ISCONJUGATED	f394b244_8379_4942_a80c_09d83a63c85b.BIN
fdfd2d81-1e47-40d7-a244-2b9eeed4141d	_ArtX_ISCONJUGATED	e0f0e344_5a04_4ac4_b00d_366c970aed7d.BIN
fdfd2d81-1e47-40d7-a244-2b9eeed4141d	_ArtX_ISCONJUGATED	e1ba79aa_7e13_4108_a001_05b23a1bd9c7.BIN
adbf4ab0-d0fe-448d-8d12-61b108244c06	_ArtX_ISCONJUGATED	88eb2c00_777e_414c_bc0c_cd39fb7b6b57.BIN
adbf4ab0-d0fe-448d-8d12-61b108244c06	_ArtX_ISCONJUGATED	29e17447_4137_4922_83ed_d75cd83b5c1b.BIN
f6964b81-5314-4ddb-8475-ff3059e0fb72	_ArtX_ISCONJUGATED	63c546ed_6e39_486d_a84f_cb5fe171304e.BIN
f6964b81-5314-4ddb-8475-ff3059e0fb72	_ArtX_ISCONJUGATED	6fb1d022_2b24_4cb2_9ed1_9cd3412f5817.BIN
88561e7f-1532-49f3-954c-fd293a42c852	_ArtX_ISCONJUGATED	3189a452_acc3_4fe2_8201_483dce630de1.BIN
88561e7f-1532-49f3-954c-fd293a42c852	_ArtX_ISCONJUGATED	21638400_4353_414f_a202_c660c1964616.BIN
6198a922-a5af-4d37-91d8-8de97d481b6b	_ArtX_ISCONJUGATED	21d9fb8d_a32b_41f9_b4cb_d089fd2ac6d3.BIN
6198a922-a5af-4d37-91d8-8de97d481b6b	_ArtX_ISCONJUGATED	b2b29936_a40f_41a1_9295_5a7a1fb2bd57.BIN
e8bc946f-7599-4310-8db4-7749967302fd	_Art1_DefaultValue	8ec780df_806e_495d_8d9f_5db5c6afa721.BIN
39890795-5418-4a19-8b70-c1c198b47fba	_Art1_DefaultValue	f77f373f_aad6_45e9_a540_aed9ead8948e.BIN
8455b80e-a2ec-404f-9b83-00b2eb3e339c	_Art1_DefaultValue	dd6b85b8_412e_44bb_99ec_4b439db23a1c.BIN
a9d4b1b0-6b97-41be-af92-b4ea28b2b3bb	_Art1_DefaultValue	8cf98ef2_fb3d_47d7_bf6d_8a7b34d9534c.BIN
371d218f-c9cb-4888-91a7-21c768b40199	_Art1_DefaultValue	90dc2425_50e2_4e4d_8e59_cd6d777c963a.BIN
2f3db02d-af58-44a6-8fd4-3ec252c7d8ec	_Art1_DefaultValue	6e38fcad_fb4e_43f5_8fd2_2db9fde0bffd.BIN
f56a3ac7-100c-4e22-a33f-a7772df436f7	_Art1_RTF	9a5e50b7_c881_4187_abca_f876bacaa2c7.BIN
514babcc-7955-45e1-96c6-36c1d54a1a92	_Art1_RTF	d291015c_0030_4d66_833e_a17a5a2d0141.BIN
83a948e7-1dfd-44b0-a59c-fe793e364d23	_Art1_Guard	ba5fca2f_277d_4674_8c9d_ec1eac42e145.BIN
5a1f4424-f418-4d59-9b4b-b1cee98d9c31	_ArtX_ISSTREAM	af6b0a4a_4bd2_49c4_ae29_6229359d4729.BIN
04ca26e0-5041-499b-8081-56a114e1c8bf	_ArtX_ISSTREAM	ee5952fb_f078_4739_a63a_ad6ea16cff81.BIN
e39abb76-8ea3-4546-a213-495abb0f1efc	_ArtX_ISSTREAM	e96bb492_a620_4f21_b2d5_faddc909c504.BIN
87d061e9-e0a6-4f9d-b5fc-0e6fa87ad603	_ArtX_ISCONTROL	ab22c88b_bea0_46ae_bba1_6be2599c194b.BIN
5f76abc1-ffb9-4846-aa02-732ea500a15b	_ArtX_ISCONTROL	63291873_13bd_445e_8484_f554905872f9.BIN
2e8757da-73e4-456a-8826-05e0487a9957	_ArtX_ISCONTROL	75cac248_435b_4fe3_9e77_1b86ff2e6625.BIN
81884464-ee72-4e23-8c41-731dfd44bfdf	_Art1_Body	0c9186f5_aa3c_4256_a2fb_f35e9aa573c2.BIN
c2fc105e-f582-4b52-9430-18ff2a647ade	_Art1_RTF	2b6d2e48_814c_476f_99b2_f5080a1a060a.BIN
1e401756-88c3-49f3-ba20-0914f1977353	_Art1_Guard	dfb3f24e_5e63_489b_86e9_c13fae0b91ba.BIN
110bf3d3-d2c2-43e1-9293-1f604c97f6ce	_Art1_Guard	9d01cb16_d14f_4da5_9a0c_9396ea517ebd.BIN
07e9e20f-a695-4167-ad21-467c22e6cfd8	_Art1_Guard	e74bb5c7_3e1f_4a79_96a3_99aad10171c1.BIN
a9f73623-e96f-4f92-b485-781b359d3fd0	_Art1_RTF	7100f587_cb9e_41e9_aae9_6da531d0dcdc.BIN
d775d0e7-46c0-43ef-ba7b-16c767fc50ae	_Art1_RTF	29f50aa8_6a54_45df_893b_7416531dad3b.BIN
cd183764-1a13-425e-803c-8f338160e7b5	_Art1_Guard	48700bc8_8c98_485c_9040_5da10c43b54c.BIN
893a5d1d-fa40-4623-a919-b3c5cb976b29	_Art1_Guard	ed0a2e9e_0a97_40db_a16a_7eddb1faff17.BIN
7f6da032-ed4a-4913-a2c8-1a89878f53d0	_Art1_Guard	f94a9575_1f3d_47e3_83e9_a983878db565.BIN
1586333d-77a8-4e32-9fbd-bda7399525e9	_Art1_Body	3adc7fe5_820e_449c_b5ce_5f7a0b45c0e3.BIN
cd1c5ece-b19f-4f22-bad7-8191ceed1fce	_Art1_Guard	e0a6e733_5e30_4f27_9a43_fc5493210ced.BIN
873a9a83-e769-4476-aa51-4d43e4eceb67	_Art1_Guard	24f212cb_56a9_4f3b_893d_e5c611f10842.BIN
0aad47de-9e29-42db-8a6a-2c4987438d61	_Art1_Guard	f35d4638_7b6f_4e29_a0a0_38fda471b203.BIN
eef0b170-91f4-4871-960b-ae7796266918	_Art1_Guard	e369110d_5d23_4b1d_ade8_34cf3bc67211.BIN
9358ff69-2eb9-4828-9d1f-7ea2e6acf201	_Art1_Guard	66fb473c_8e65_411b_873a_b914abe74464.BIN
927e3ae9-ea68-4efc-ad6c-bdfa6c09dd28	_Art1_RTF	16647681_bc4e_4d15_a396_79c16329ea04.BIN
0426e310-92be-406d-bdc5-af85af50021d	_Art1_RTF	76dfdc37_24dd_4be2_b890_c1998d9b750e.BIN
568111e1-b680-4b5f-9886-655ae19184f1	_Art1_RTF	e19f75b4_88d3_4f4b_85d0_0e998abea92d.BIN
9e21f98e-5107-4d2b-9e45-5761ef9dfbb3	_Art1_RTF	fe9fd350_b7bc_4285_9ff2_6e3b207d1684.BIN
a292d9ae-04a0-4a96-9630-e1b3586aaac4	_Art1_RTF	9173579f_f1ec_4bb4_a5e6_153c1caa3f76.BIN
b76631b7-50d0-46ec-8f9d-94711dc32cad	_Art1_RTF	ba3e418d_81d7_4f3e_9bb7_d83daec0f10e.BIN
67980dd1-b476-446e-86fc-2d98d0f79da8	_Art1_RTF	d8dd67b8_ba7b_472e_a632_a69d7ea48c73.BIN
2bf79f53-41f3-42b9-aa2d-2f5896666593	_Art1_RTF	8091013c_0900_4ade_85ed_2f5af2114099.BIN
c10c31b5-af17-4b32-b179-027b61c50ed2	_Art1_RTF	92ac4333_cd0b_4f74_84cc_d7e076fd5e45.BIN
ce8212c3-d799-4f3d-867b-07643f54de15	_Art1_RTF	20534e0b_aa9f_42a2_ae13_a7ff50f61633.BIN
50717419-fdaf-49ee-a3f1-93b37925a994	_Art1_RTF	2124e4f8_d316_4d00_ace8_418010eba8d1.BIN
59dab5a7-e423-4148-b86c-421c85bcc082	_Art1_RTF	85dc800b_78a8_4602_a4e1_83ac2ee38bbf.BIN
cfcd94a1-d49e-47e2-9546-857e70de0897	_Art1_RTF	cc57cf99_7c77_404a_8253_14711a57d1e5.BIN
81327eb5-e9cd-4e21-bd4c-9c1c19cd6f7e	_Art1_RTF	0828d0cc_77f9_441f_971b_3391e0bced4f.BIN
bda1ab88-8911-403a-92b6-8dfc996543bf	_Art1_RTF	01adeea6_dcee_4f31_948c_0eedcff6d6df.BIN
a8347c0c-804d-4ac8-a9f7-acbe8fd4a7c9	_Art1_RTF	cb0361a8_fe17_4221_be88_b20bd94d35a7.BIN
08a37f85-afd1-4c81-b59e-22c9d75a49e7	_Art1_RTF	43783bd5_3e06_416d_b099_03914daebc4b.BIN
